source_concept,target_concept,matched_phrase,match_type,verdict
definition/kubernetes_cluster_architecture.md,entity/worker_node.md,worker node,title,correct
definition/kubernetes_cluster_architecture.md,policy/garbage_collection_in_kubernetes.md,Kubernetes,alias,spurious
definition/kubernetes_cluster_architecture.md,entity/workload.md,workload,title,correct
definition/kubernetes_cluster_architecture.md,entity/node.md,node,title,correct
definition/kubernetes_control_plane_role.md,component/cloud_controller_manager.md,cloud-controller-manager,title,correct
definition/kubernetes_control_plane_role.md,component/kube_controller_manager.md,kube-controller-manager,title,correct
definition/kubernetes_control_plane_role.md,policy/kubernetes_scheduling_overview.md,kube-scheduler,alias,correct
definition/kubernetes_control_plane_role.md,definition/kubernetes_cluster_architecture.md,control plane,alias,correct
definition/kubernetes_control_plane_role.md,concept/scheduling.md,scheduling,title,correct
definition/kubernetes_control_plane_role.md,entity/deployment.md,Deployment,title,borderline
component/kube_controller_manager.md,entity/endpointslice_controller.md,EndpointSlice controller,title,correct
component/kube_controller_manager.md,procedure/node_controller_functions.md,Node controller,alias,correct
component/kube_controller_manager.md,pattern/kubernetes_controller_pattern.md,controllers,alias,correct
component/kube_controller_manager.md,procedure/configuring_load_balancing_and_services.md,Services,alias,borderline
component/kube_controller_manager.md,concept/pod_definition.md,process,alias,spurious
component/kube_controller_manager.md,definition/kubernetes_cluster_architecture.md,nodes,alias,borderline
component/kube_controller_manager.md,entity/job.md,Job,title,correct
component/cloud_controller_manager.md,component/kube_controller_manager.md,kube-controller-manager,title,correct
component/cloud_controller_manager.md,procedure/service_controller_functions.md,Service controller,alias,correct
component/cloud_controller_manager.md,procedure/route_controller_functions.md,Route controller,alias,correct
component/cloud_controller_manager.md,procedure/node_controller_functions.md,Node controller,alias,correct
component/cloud_controller_manager.md,pattern/kubernetes_controller_pattern.md,controllers,alias,correct
component/cloud_controller_manager.md,policy/garbage_collection_in_kubernetes.md,Kubernetes,alias,spurious
component/cloud_controller_manager.md,concept/pod_definition.md,process,alias,spurious
component/cloud_controller_manager.md,entity/node.md,node,title,correct
definition/kubernetes_node_components_overview.md,entity/container_runtime.md,Container runtime,title,correct
definition/kubernetes_node_components_overview.md,mechanism/kubernetes_network_model_implementation.md,Container runtime,alias,borderline
definition/kubernetes_node_components_overview.md,component/kube_proxy.md,kube-proxy,title,correct
definition/kubernetes_node_components_overview.md,policy/garbage_collection_in_kubernetes.md,Kubernetes,alias,spurious
definition/kubernetes_node_components_overview.md,entity/container_runtime_1.md,runtime,alias,correct
definition/kubernetes_node_components_overview.md,entity/node.md,Node,title,correct
definition/kubernetes_node_components_overview.md,definition/kubernetes_cluster_architecture.md,pods,alias,borderline
definition/kubernetes_node_components_overview.md,entity/worker_node.md,node,alias,correct
component/kube_proxy.md,component/kubernetes_network_plugins.md,network plugins,alias,correct
component/kube_proxy.md,component/pod_network_namespace.md,cluster network,alias,borderline
component/kube_proxy.md,api/service_api.md,Service API,title,correct
component/kube_proxy.md,plugin/gangscheduling_plugin.md,plugin,alias,spurious
component/kube_proxy.md,entity/kube_proxy.md,proxy,alias,spurious
component/kube_proxy.md,entity/node.md,node,title,correct
component/kube_proxy.md,entity/worker_node.md,node,alias,borderline
definition/kubernetes_addons_overview.md,entity/deployment.md,deployment,title,borderline
definition/kubernetes_addons_overview.md,policy/garbage_collection_in_kubernetes.md,Kubernetes,alias,spurious
definition/kubernetes_addons_overview.md,entity/daemonset.md,daemonset,title,correct
definition/kubernetes_addons_overview.md,definition/api_group_resource_type_namespace_and_name.md,namespace,alias,borderline
definition/kubernetes_addons_overview.md,resource/cluster_resources.md,resource,alias,spurious
definition/kubernetes_addons_overview.md,procedure/configuring_load_balancing_and_services.md,services,alias,borderline
component/kubernetes_network_plugins.md,component/kube_proxy.md,kube-proxy,title,correct
component/kubernetes_network_plugins.md,entity/node.md,node,title,correct
component/kubernetes_network_plugins.md,definition/kubernetes_cluster_architecture.md,pods,alias,borderline
definition/kubernetes_architecture_deployment_variations.md,component/cloud_controller_manager.md,cloud-controller-manager,title,correct
definition/kubernetes_architecture_deployment_variations.md,definition/kubernetes_control_plane_role.md,Control plane components,alias,correct
definition/kubernetes_architecture_deployment_variations.md,definition/kubernetes_architecture.md,Kubernetes architecture,title,correct
definition/kubernetes_architecture_deployment_variations.md,concept/workload_placement.md,Workload placement,title,correct
definition/kubernetes_architecture_deployment_variations.md,definition/kubernetes_cluster_architecture.md,Kubernetes cluster,alias,correct
definition/kubernetes_architecture_deployment_variations.md,entity/deployment.md,deployment,title,borderline
definition/kubernetes_architecture_deployment_variations.md,policy/garbage_collection_in_kubernetes.md,Kubernetes,alias,spurious
definition/kubernetes_architecture_deployment_variations.md,policy/api_server_behavior_in_kubernetes.md,API server,alias,correct
definition/kubernetes_architecture_deployment_variations.md,procedure/configuring_load_balancing_and_services.md,services,alias,borderline
definition/kubernetes_architecture_deployment_variations.md,definition/kubernetes_node_components_overview.md,kubelet,alias,correct
definition/kubernetes_architecture_deployment_variations.md,entity/kubernetes_service.md,service,alias,borderline
entity/cloud_controller_manager.md,component/cloud_controller_manager.md,cloud-controller-manager,title,correct
entity/cloud_controller_manager.md,definition/kubernetes_cluster_architecture.md,control plane,alias,correct
entity/cloud_controller_manager.md,pattern/kubernetes_controller_pattern.md,controllers,alias,correct
entity/cloud_controller_manager.md,policy/garbage_collection_in_kubernetes.md,Kubernetes,alias,spurious
entity/cloud_controller_manager.md,concept/pod_definition.md,process,alias,spurious
entity/cloud_controller_manager.md,plugin/gangscheduling_plugin.md,plugin,alias,spurious
entity/cloud_controller_manager.md,entity/addon.md,addon,title,borderline
procedure/node_controller_functions.md,definition/kubernetes_cluster_architecture.md,Kubernetes cluster,alias,borderline
procedure/node_controller_functions.md,component/kube_controller_manager.md,node controller,alias,correct
procedure/node_controller_functions.md,pattern/kubernetes_controller_pattern.md,controller,alias,correct
procedure/node_controller_functions.md,policy/podgroup_ownership_and_lifecycle.md,lifecycle,alias,borderline
procedure/node_controller_functions.md,entity/node.md,Node,title,correct
procedure/node_controller_functions.md,entity/worker_node.md,node,alias,correct
procedure/route_controller_functions.md,definition/kubernetes_cluster_architecture.md,Kubernetes cluster,alias,borderline
procedure/route_controller_functions.md,component/cloud_controller_manager.md,route controller,alias,correct
procedure/route_controller_functions.md,model/kubernetes_network_model.md,Pod network,alias,correct
procedure/route_controller_functions.md,pattern/kubernetes_controller_pattern.md,controller,alias,correct
procedure/service_controller_functions.md,component/cloud_controller_manager.md,service controller,alias,correct
procedure/service_controller_functions.md,resource/cluster_resources.md,resource,alias,borderline
procedure/service_controller_functions.md,procedure/configuring_load_balancing_and_services.md,Services,alias,correct
procedure/service_controller_functions.md,entity/kubernetes_service.md,Service,alias,correct
policy/node_controller_api_permissions.md,component/kube_controller_manager.md,Node controller,alias,correct
policy/node_controller_api_permissions.md,procedure/deleting_resources_in_kubernetes.md,delete,alias,spurious
policy/node_controller_api_permissions.md,entity/node.md,Node,title,correct
policy/node_controller_api_permissions.md,entity/worker_node.md,Node,alias,correct
policy/route_controller_api_permissions.md,component/cloud_controller_manager.md,route controller,alias,correct
policy/route_controller_api_permissions.md,procedure/creation_ordering_of_objects.md,object creation,alias,spurious
policy/route_controller_api_permissions.md,entity/node.md,Node,title,correct
policy/route_controller_api_permissions.md,entity/worker_node.md,Node,alias,correct
policy/service_controller_api_permissions.md,component/cloud_controller_manager.md,service controller,alias,correct
policy/service_controller_api_permissions.md,procedure/configuring_load_balancing_and_services.md,Services,alias,correct
policy/service_controller_api_permissions.md,entity/kubernetes_service.md,Service,alias,correct
policy/service_controller_api_permissions.md,procedure/deleting_resources_in_kubernetes.md,delete,alias,spurious
policy/cloud_controller_manager_core_api_permissions.md,entity/cloud_controller_manager.md,cloud controller manager,title,correct
policy/cloud_controller_manager_core_api_permissions.md,pattern/kubernetes_controller_pattern.md,controller,alias,correct
definition/cloudprovider_interface_for_ccm.md,entity/cloud_controller_manager.md,cloud controller manager,title,correct
definition/cloudprovider_interface_for_ccm.md,pattern/kubernetes_controller_pattern.md,controllers,alias,correct
definition/cloudprovider_interface_for_ccm.md,policy/garbage_collection_in_kubernetes.md,kubernetes,alias,spurious
definition/cloudprovider_interface_for_ccm.md,entity/kubernetes_service.md,Service,alias,borderline
definition/cloudprovider_interface_for_ccm.md,entity/node.md,Node,title,correct
goal/kubernetes_network_hardening_goal.md,installation/installing_gateway_api_crds.md,installation,alias,spurious
goal/kubernetes_network_hardening_goal.md,policy/garbage_collection_in_kubernetes.md,Kubernetes,alias,
communication_pattern/node_to_control_plane_communication.md,definition/kubernetes_control_plane_role.md,Control plane components,alias,
communication_pattern/node_to_control_plane_communication.md,authentication/authentication_with_kubeconfig_file.md,authentication,alias,
communication_pattern/node_to_control_plane_communication.md,definition/kubernetes_cluster_architecture.md,control plane,alias,
communication_pattern/node_to_control_plane_communication.md,definition/kubernetes_authentication_and_authorization.md,authorization,alias,
communication_pattern/node_to_control_plane_communication.md,component/kube_proxy.md,kube-proxy,title,
communication_pattern/node_to_control_plane_communication.md,policy/garbage_collection_in_kubernetes.md,Kubernetes,alias,
communication_pattern/node_to_control_plane_communication.md,policy/api_server_behavior_in_kubernetes.md,API server,alias,
communication_pattern/node_to_control_plane_communication.md,definition/api_group_resource_type_namespace_and_name.md,namespace,alias,
communication_pattern/node_to_control_plane_communication.md,definition/kubernetes_node_components_overview.md,kubelet,alias,
communication_pattern/node_to_control_plane_communication.md,entity/kubernetes_service.md,service,alias,
communication_pattern/node_to_control_plane_communication.md,definition/disruption_mode.md,mode,alias,
communication_path/api_server_to_kubelet_communication.md,authentication/authentication_with_kubeconfig_file.md,authentication,alias,
communication_path/api_server_to_kubelet_communication.md,communication_method/ssh_tunnels_for_control_plane.md,SSH tunneling,alias,
communication_path/api_server_to_kubelet_communication.md,definition/kubernetes_authentication_and_authorization.md,authorization,alias,
communication_path/api_server_to_kubelet_communication.md,policy/api_server_behavior_in_kubernetes.md,API server,alias,
communication_path/api_server_to_kubelet_communication.md,definition/kubernetes_node_components_overview.md,kubelet,alias,
communication_path/api_server_to_kubelet_communication.md,tool/kubectl_command_line_tool.md,kubectl,alias,
communication_path/api_server_to_kubelet_communication.md,concept/pod_definition.md,process,alias,
communication_path/api_server_to_kubelet_communication.md,entity/node.md,node,title,
communication_path/api_server_to_kubelet_communication.md,definition/kubernetes_cluster_architecture.md,pods,alias,
communication_path/api_server_proxy_functionality.md,procedure/relaxed_service_name_validation.md,service name,alias,
communication_path/api_server_proxy_functionality.md,policy/api_server_behavior_in_kubernetes.md,API server,alias,
communication_path/api_server_proxy_functionality.md,entity/kubernetes_service.md,service,alias,
communication_path/api_server_proxy_functionality.md,entity/kube_proxy.md,proxy,alias,
communication_path/api_server_proxy_functionality.md,entity/node.md,node,title,
communication_path/api_server_proxy_functionality.md,entity/worker_node.md,node,alias,
communication_method/ssh_tunnels_for_control_plane.md,communication_service/konnectivity_service.md,Konnectivity service,title,
communication_method/ssh_tunnels_for_control_plane.md,definition/kubernetes_cluster_architecture.md,control plane,alias,
communication_method/ssh_tunnels_for_control_plane.md,policy/garbage_collection_in_kubernetes.md,Kubernetes,alias,
communication_method/ssh_tunnels_for_control_plane.md,policy/api_server_behavior_in_kubernetes.md,API server,alias,
communication_method/ssh_tunnels_for_control_plane.md,definition/kubernetes_node_components_overview.md,kubelet,alias,
communication_method/ssh_tunnels_for_control_plane.md,entity/kubernetes_service.md,service,alias,
communication_method/ssh_tunnels_for_control_plane.md,entity/node.md,node,title,
communication_method/ssh_tunnels_for_control_plane.md,entity/worker_node.md,node,alias,
communication_service/konnectivity_service.md,definition/kubernetes_cluster_architecture.md,control plane,alias,
communication_service/konnectivity_service.md,communication_method/ssh_tunnels_for_control_plane.md,SSH tunnels,alias,
communication_service/konnectivity_service.md,entity/kubernetes_service.md,service,alias,
communication_service/konnectivity_service.md,entity/kube_proxy.md,proxy,alias,
definition/control_loop.md,philosophy/kubernetes_state_management.md,desired state,alias,
definition/control_loop.md,metric/terminating_status_in_persistentvolumes.md,terminating,alias,
pattern/kubernetes_controller_pattern.md,mechanism/api_server_control.md,built-in controllers,alias,
pattern/kubernetes_controller_pattern.md,philosophy/kubernetes_state_management.md,desired state,alias,
pattern/kubernetes_controller_pattern.md,definition/api_group_resource_type_namespace_and_name.md,resource type,alias,
pattern/kubernetes_controller_pattern.md,policy/garbage_collection_in_kubernetes.md,Kubernetes,alias,
pattern/kubernetes_controller_pattern.md,policy/api_server_behavior_in_kubernetes.md,API server,alias,
pattern/kubernetes_controller_pattern.md,resource/cluster_resources.md,resource,alias,
entity/kubernetes_job_resource.md,philosophy/kubernetes_state_management.md,desired state,alias,
entity/kubernetes_job_resource.md,policy/garbage_collection_in_kubernetes.md,Kubernetes,alias,
entity/kubernetes_job_resource.md,resource/cluster_resources.md,resource,alias,
entity/kubernetes_job_resource.md,definition/kubernetes_node_components_overview.md,kubelet,alias,
entity/kubernetes_job_resource.md,definition/kubernetes_cluster_architecture.md,Pods,alias,
entity/kubernetes_job_resource.md,entity/job.md,Job,title,
mechanism/api_server_control.md,component/kube_controller_manager.md,job controller,alias,
mechanism/api_server_control.md,definition/kubernetes_cluster_architecture.md,control plane,alias,
mechanism/api_server_control.md,philosophy/kubernetes_state_management.md,desired state,alias,
mechanism/api_server_control.md,pattern/kubernetes_controller_pattern.md,controllers,alias,
mechanism/api_server_control.md,entity/kubernetes_job_resource.md,Job object,alias,
mechanism/api_server_control.md,policy/garbage_collection_in_kubernetes.md,Kubernetes,alias,
mechanism/api_server_control.md,policy/api_server_behavior_in_kubernetes.md,API server,alias,
mechanism/api_server_control.md,entity/job.md,Job,title,
mechanism/direct_external_control.md,procedure/configuring_ip_address_management_ipam.md,IP address management,alias,
mechanism/direct_external_control.md,definition/kubernetes_cluster_architecture.md,control plane,alias,
mechanism/direct_external_control.md,philosophy/kubernetes_state_management.md,desired state,alias,
mechanism/direct_external_control.md,definition/control_loop.md,control loop,title,
mechanism/direct_external_control.md,pattern/kubernetes_controller_pattern.md,controllers,alias,
mechanism/direct_external_control.md,policy/garbage_collection_in_kubernetes.md,Kubernetes,alias,
mechanism/direct_external_control.md,policy/api_server_behavior_in_kubernetes.md,API server,alias,
mechanism/direct_external_control.md,procedure/configuring_load_balancing_and_services.md,services,alias,
mechanism/direct_external_control.md,entity/job.md,Job,title,
philosophy/kubernetes_state_management.md,pattern/kubernetes_controller_pattern.md,controllers,alias,
philosophy/kubernetes_state_management.md,policy/garbage_collection_in_kubernetes.md,Kubernetes,alias,
design_principle/controller_design_principles.md,component/controller_roles_in_self_healing.md,Kubernetes controllers,alias,
design_principle/controller_design_principles.md,component/kube_controller_manager.md,Job controller,alias,
design_principle/controller_design_principles.md,philosophy/kubernetes_state_management.md,desired state,alias,
design_principle/controller_design_principles.md,definition/control_loop.md,control loop,title,
design_principle/controller_design_principles.md,pattern/kubernetes_controller_pattern.md,controllers,alias,
design_principle/controller_design_principles.md,entity/deployment.md,Deployment,title,
design_principle/controller_design_principles.md,policy/garbage_collection_in_kubernetes.md,Kubernetes,alias,
design_principle/controller_design_principles.md,resource/cluster_resources.md,resource,alias,
design_principle/controller_design_principles.md,concept/owner_references_and_labels.md,labels,alias,
design_principle/controller_design_principles.md,procedure/deleting_resources_in_kubernetes.md,delete,alias,
design_principle/controller_design_principles.md,definition/kubernetes_cluster_architecture.md,Pods,alias,
design_principle/controller_design_principles.md,entity/job.md,Job,title,
deployment/running_kubernetes_controllers.md,component/kube_controller_manager.md,kube-controller-manager,title,
deployment/running_kubernetes_controllers.md,component/controller_roles_in_self_healing.md,Deployment controller,alias,
deployment/running_kubernetes_controllers.md,mechanism/api_server_control.md,built-in controllers,alias,
deployment/running_kubernetes_controllers.md,definition/kubernetes_cluster_architecture.md,control plane,alias,
deployment/running_kubernetes_controllers.md,pattern/kubernetes_controller_pattern.md,controllers,alias,
deployment/running_kubernetes_controllers.md,policy/garbage_collection_in_kubernetes.md,Kubernetes,alias,
deployment/running_kubernetes_controllers.md,entity/job.md,Job,title,
definition/kubernetes_garbage_collection_purpose.md,entity/cloud_controller_manager.md,cloud controller manager,title,
definition/kubernetes_garbage_collection_purpose.md,concept/garbage_collection.md,Garbage Collection,title,
definition/kubernetes_garbage_collection_purpose.md,definition/kubernetes_owner_references.md,owner references,alias,
definition/kubernetes_garbage_collection_purpose.md,pattern/kubernetes_controller_pattern.md,controller,alias,
definition/kubernetes_garbage_collection_purpose.md,policy/garbage_collection_in_kubernetes.md,Kubernetes,alias,
definition/kubernetes_garbage_collection_purpose.md,procedure/deleting_resources_in_kubernetes.md,Delete,alias,
definition/kubernetes_garbage_collection_purpose.md,entity/addon.md,addon,title,
definition/kubernetes_garbage_collection_purpose.md,definition/kubernetes_cluster_architecture.md,Nodes,alias,
definition/kubernetes_garbage_collection_purpose.md,entity/node.md,Node,title,
definition/kubernetes_owner_references.md,definition/kubernetes_cluster_architecture.md,control plane,alias,
definition/kubernetes_owner_references.md,policy/garbage_collection_in_kubernetes.md,Kubernetes,alias,
definition/kubernetes_owner_references.md,definition/owner_references_vs_labels_and_selectors.md,selectors,alias,
definition/kubernetes_owner_references.md,policy/podgroup_ownership_and_lifecycle.md,Ownership,alias,
definition/kubernetes_owner_references.md,entity/kubernetes_service.md,Service,alias,
definition/kubernetes_owner_references.md,concept/owner_references_and_labels.md,labels,alias,
rule/owner_reference_namespace_rules.md,rule/cross_namespace_owner_references.md,Cross-namespace owner references,title,
rule/owner_reference_namespace_rules.md,definition/kubernetes_owner_references.md,owner reference,alias,
rule/owner_reference_namespace_rules.md,metric/invalid_owner_references.md,ownerReference,alias,
rule/owner_reference_namespace_rules.md,rule/referencing_non_existent_podgroups.md,referencing,alias,
rule/owner_reference_namespace_rules.md,definition/api_group_resource_type_namespace_and_name.md,namespace,alias,
rule/owner_reference_namespace_rules.md,tool/kubectl_command_line_tool.md,kubectl,alias,
rule/owner_reference_namespace_rules.md,design_principle/controller_design_principles.md,design,alias,
definition/kubernetes_cascading_deletion.md,procedure/foreground_cascading_deletion_process.md,Foreground cascading deletion,alias,
definition/kubernetes_cascading_deletion.md,procedure/background_cascading_deletion_process.md,Background cascading deletion,alias,
definition/kubernetes_cascading_deletion.md,concept/garbage_collection.md,garbage collection,title,
definition/kubernetes_cascading_deletion.md,definition/kubernetes_owner_references.md,owner references,alias,
definition/kubernetes_cascading_deletion.md,policy/garbage_collection_in_kubernetes.md,Kubernetes,alias,
definition/kubernetes_cascading_deletion.md,concept/pod_definition.md,process,alias,
definition/kubernetes_cascading_deletion.md,definition/kubernetes_cluster_architecture.md,pods,alias,
procedure/foreground_cascading_deletion_process.md,procedure/specifying_finalizers_in_a_manifest_file.md,metadata.finalizers,alias,
procedure/foreground_cascading_deletion_process.md,concept/garbage_collection.md,garbage collection,title,
procedure/foreground_cascading_deletion_process.md,definition/kubernetes_cascading_deletion.md,cascading deletion,alias,
procedure/foreground_cascading_deletion_process.md,process/how_finalizers_work.md,deletion process,alias,
procedure/foreground_cascading_deletion_process.md,entity/kubernetes_api.md,Kubernetes API,title,
procedure/foreground_cascading_deletion_process.md,metric/invalid_owner_references.md,ownerReference,alias,
procedure/foreground_cascading_deletion_process.md,definition/api_group_resource_type_namespace_and_name.md,resource type,alias,
procedure/foreground_cascading_deletion_process.md,pattern/kubernetes_controller_pattern.md,controller,alias,
procedure/foreground_cascading_deletion_process.md,policy/garbage_collection_in_kubernetes.md,Kubernetes,alias,
procedure/foreground_cascading_deletion_process.md,definition/foreground_and_orphan_cascading_deletion.md,foreground,alias,
procedure/foreground_cascading_deletion_process.md,policy/api_server_behavior_in_kubernetes.md,API server,alias,
procedure/background_cascading_deletion_process.md,procedure/foreground_cascading_deletion_process.md,foreground deletion,alias,
procedure/background_cascading_deletion_process.md,definition/kubernetes_cascading_deletion.md,cascading deletion,alias,
procedure/background_cascading_deletion_process.md,entity/kubernetes_api.md,Kubernetes API,title,
procedure/background_cascading_deletion_process.md,pattern/kubernetes_controller_pattern.md,controller,alias,
procedure/background_cascading_deletion_process.md,policy/garbage_collection_in_kubernetes.md,Kubernetes,alias,
procedure/background_cascading_deletion_process.md,procedure/using_finalizers_in_kubernetes.md,finalizer,alias,
definition/orphaned_kubernetes_dependents.md,policy/garbage_collection_in_kubernetes.md,Kubernetes,alias,
definition/orphaned_kubernetes_dependents.md,definition/foreground_and_orphan_cascading_deletion.md,orphan,alias,
procedure/kubelet_container_and_image_gc.md,rule/kubelet_image_gc_disk_usage_thresholds.md,image garbage collection,alias,
procedure/kubelet_container_and_image_gc.md,concept/garbage_collection.md,garbage collection,title,
procedure/kubelet_container_and_image_gc.md,policy/finalizer_purpose.md,garbage collection,alias,
procedure/kubelet_container_and_image_gc.md,definition/api_group_resource_type_namespace_and_name.md,resource type,alias,
procedure/kubelet_container_and_image_gc.md,definition/kubernetes_node_components_overview.md,kubelet,alias,
rule/kubelet_image_gc_disk_usage_thresholds.md,concept/garbage_collection.md,garbage collection,title,
rule/kubelet_image_gc_disk_usage_thresholds.md,policy/finalizer_purpose.md,garbage collection,alias,
rule/kubelet_image_gc_disk_usage_thresholds.md,policy/garbage_collection_in_kubernetes.md,Kubernetes,alias,
rule/kubelet_image_gc_disk_usage_thresholds.md,policy/podgroup_ownership_and_lifecycle.md,lifecycle,alias,
rule/kubelet_image_gc_disk_usage_thresholds.md,definition/kubernetes_node_components_overview.md,kubelet,alias,
rule/kubelet_image_gc_disk_usage_thresholds.md,concept/pod_definition.md,process,alias,
configuration/kubelet_image_maximum_age_setting.md,concept/garbage_collection.md,garbage collection,title,
configuration/kubelet_image_maximum_age_setting.md,policy/garbage_collection_in_kubernetes.md,Kubernetes,alias,
configuration/kubelet_image_maximum_age_setting.md,definition/kubernetes_node_components_overview.md,kubelet,alias,
configuration/kubelet_image_maximum_age_setting.md,entity/node.md,node,title,
configuration/kubelet_container_gc_parameters.md,definition/kubernetes_node_components_overview.md,kubelet,alias,
configuration/kubelet_container_gc_parameters.md,definition/kubernetes_cluster_architecture.md,pods,alias,
definition/kubernetes_self_healing_overview.md,philosophy/kubernetes_state_management.md,desired state,alias,
definition/kubernetes_self_healing_overview.md,policy/garbage_collection_in_kubernetes.md,Kubernetes,alias,
definition/kubernetes_self_healing_overview.md,definition/kubernetes_cluster_architecture.md,nodes,alias,
capability/replica_replacement.md,definition/kubernetes_cluster_architecture.md,control plane,alias,
capability/replica_replacement.md,entity/statefulset.md,StatefulSet,title,
capability/replica_replacement.md,entity/deployment.md,Deployment,title,
capability/replica_replacement.md,policy/garbage_collection_in_kubernetes.md,Kubernetes,alias,
capability/replica_replacement.md,entity/daemonset.md,DaemonSet,title,
capability/replica_replacement.md,entity/node.md,node,title,
capability/persistent_storage_recovery.md,metric/terminating_status_in_persistentvolumes.md,PersistentVolume,alias,
capability/persistent_storage_recovery.md,policy/garbage_collection_in_kubernetes.md,Kubernetes,alias,
capability/persistent_storage_recovery.md,entity/node.md,node,title,
capability/persistent_storage_recovery.md,entity/worker_node.md,node,alias,
capability/service_load_balancing_for_self_healing.md,policy/garbage_collection_in_kubernetes.md,Kubernetes,alias,
capability/service_load_balancing_for_self_healing.md,entity/kubernetes_service.md,Service,alias,
capability/service_load_balancing_for_self_healing.md,definition/kubernetes_cluster_architecture.md,Pods,alias,
component/controller_roles_in_self_healing.md,entity/statefulset.md,StatefulSet,title,
component/controller_roles_in_self_healing.md,pattern/kubernetes_controller_pattern.md,controllers,alias,
component/controller_roles_in_self_healing.md,entity/deployment.md,Deployment,title,
component/controller_roles_in_self_healing.md,entity/daemonset.md,DaemonSet,title,
overview/kubernetes_cluster_administration_overview.md,definition/kubernetes_cluster_architecture.md,Kubernetes cluster,alias,
overview/kubernetes_cluster_administration_overview.md,policy/garbage_collection_in_kubernetes.md,Kubernetes,alias,
guide/planning_kubernetes_clusters.md,definition/kubernetes_cluster_architecture.md,Kubernetes cluster,alias,
guide/planning_kubernetes_clusters.md,policy/garbage_collection_in_kubernetes.md,Kubernetes,alias,
guide/planning_kubernetes_clusters.md,definition/kubernetes_distros.md,distros,alias,
guide/planning_kubernetes_clusters.md,entity/node.md,node,title,
definition/kubernetes_distros.md,policy/garbage_collection_in_kubernetes.md,Kubernetes,alias,
guide/managing_kubernetes_clusters.md,definition/kubernetes_cluster_architecture.md,Kubernetes cluster,alias,
guide/managing_kubernetes_clusters.md,resource/cluster_resources.md,resource,alias,
guide/managing_kubernetes_clusters.md,entity/node.md,Node,title,
policy/kubernetes_api_access_control.md,procedure/access_control.md,access control,title,
policy/kubernetes_api_access_control.md,entity/kubernetes_api.md,Kubernetes API,title,
policy/kubernetes_api_access_control.md,policy/garbage_collection_in_kubernetes.md,Kubernetes,alias,
definition/kubernetes_authentication_and_authorization.md,authentication/authentication_with_kubeconfig_file.md,authentication,alias,
definition/kubernetes_authentication_and_authorization.md,policy/garbage_collection_in_kubernetes.md,Kubernetes,alias,
guide/kubernetes_admission_control.md,procedure/using_admission_controllers.md,Using Admission Controllers,title,
guide/kubernetes_admission_control.md,entity/kubernetes_api.md,Kubernetes API,title,
guide/kubernetes_admission_control.md,authentication/authentication_with_kubeconfig_file.md,authentication,alias,
guide/kubernetes_admission_control.md,definition/kubernetes_authentication_and_authorization.md,authorization,alias,
procedure/using_sysctls_in_kubernetes.md,definition/kubernetes_cluster_architecture.md,Kubernetes Cluster,alias,
guide/kubernetes_logging_and_monitoring.md,policy/garbage_collection_in_kubernetes.md,Kubernetes,alias,
definition/kubernetes_add_ons_overview.md,installation/installing_gateway_api_crds.md,installation,alias,
definition/kubernetes_add_ons_overview.md,policy/garbage_collection_in_kubernetes.md,Kubernetes,alias,
list/kubernetes_networking_add_ons.md,procedure/implementing_network_policies.md,network policies,alias,
list/kubernetes_networking_add_ons.md,entity/kubernetes_api.md,Kubernetes API,title,
list/kubernetes_networking_add_ons.md,entity/pods_in_kubernetes.md,Kubernetes pod,alias,
list/kubernetes_networking_add_ons.md,api/networkpolicy.md,network policy,alias,
list/kubernetes_networking_add_ons.md,procedure/configuring_services_and_load_balancing_behavior.md,load balancing,alias,
list/kubernetes_networking_add_ons.md,procedure/observability_and_runtime_security.md,observability,alias,
list/kubernetes_networking_add_ons.md,installation/installing_gateway_api_crds.md,installation,alias,
list/kubernetes_networking_add_ons.md,api/gateway_api.md,Gateway API,title,
list/kubernetes_networking_add_ons.md,component/kube_proxy.md,kube-proxy,title,
list/kubernetes_networking_add_ons.md,pattern/kubernetes_controller_pattern.md,controller,alias,
list/kubernetes_networking_add_ons.md,policy/garbage_collection_in_kubernetes.md,Kubernetes,alias,
list/kubernetes_networking_add_ons.md,procedure/configuring_load_balancing_and_services.md,services,alias,
list/kubernetes_networking_add_ons.md,definition/kubernetes_add_ons_overview.md,add-ons,alias,
list/kubernetes_networking_add_ons.md,definition/loopback_interface.md,Sandbox,alias,
list/kubernetes_networking_add_ons.md,entity/flannel_cni_plugin.md,Flannel,alias,
list/kubernetes_networking_add_ons.md,entity/kubernetes_service.md,service,alias,
list/kubernetes_networking_add_ons.md,plugin/gangscheduling_plugin.md,plugin,alias,
list/kubernetes_networking_add_ons.md,definition/kubernetes_cluster_architecture.md,pods,alias,
list/kubernetes_networking_add_ons.md,definition/disruption_mode.md,mode,alias,
list/kubernetes_service_discovery.md,definition/kubernetes_addons_overview.md,cluster DNS,alias,
list/kubernetes_service_discovery.md,definition/kubernetes_cluster_architecture.md,pods,alias,
list/kubernetes_ui_add_ons.md,policy/garbage_collection_in_kubernetes.md,Kubernetes,alias,
list/kubernetes_ui_add_ons.md,definition/kubernetes_addons_overview.md,Dashboard,alias,
list/kubernetes_infrastructure_add_ons.md,policy/garbage_collection_in_kubernetes.md,Kubernetes,alias,
list/kubernetes_infrastructure_add_ons.md,definition/kubernetes_cluster_architecture.md,nodes,alias,
list/kubernetes_infrastructure_add_ons.md,entity/node.md,node,title,
list/kubernetes_infrastructure_add_ons.md,entity/worker_node.md,Node,alias,
list/legacy_and_other_kubernetes_add_ons.md,definition/kubernetes_add_ons_overview.md,Add-ons,alias,
list/legacy_and_other_kubernetes_add_ons.md,definition/kubernetes_addons_overview.md,addons,alias,
list/legacy_and_other_kubernetes_add_ons.md,definition/api_group_resource_type_namespace_and_name.md,name,alias,
overview/kubernetes_networking_problems.md,policy/garbage_collection_in_kubernetes.md,Kubernetes,alias,
overview/kubernetes_networking_problems.md,procedure/configuring_load_balancing_and_services.md,Services,alias,
overview/kubernetes_networking_problems.md,entity/kubernetes_service.md,Service,alias,
overview/kubernetes_networking_problems.md,definition/kubernetes_cluster_architecture.md,Pods,alias,
design_principle/kubernetes_port_allocation_strategy.md,definition/kubernetes_architecture_deployment_variations.md,API servers,alias,
design_principle/kubernetes_port_allocation_strategy.md,policy/garbage_collection_in_kubernetes.md,Kubernetes,alias,
design_principle/kubernetes_port_allocation_strategy.md,procedure/configuring_load_balancing_and_services.md,services,alias,
configuration/kubernetes_ip_address_allocation.md,component/cloud_controller_manager.md,cloud-controller-manager,title,
configuration/kubernetes_ip_address_allocation.md,policy/garbage_collection_in_kubernetes.md,Kubernetes,alias,
configuration/kubernetes_ip_address_allocation.md,procedure/configuring_load_balancing_and_services.md,Services,alias,
configuration/kubernetes_ip_address_allocation.md,definition/kubernetes_node_components_overview.md,kubelet,alias,
configuration/kubernetes_ip_address_allocation.md,plugin/gangscheduling_plugin.md,plugin,alias,
configuration/kubernetes_ip_address_allocation.md,definition/kubernetes_cluster_architecture.md,Nodes,alias,
classification/kubernetes_cluster_networking_types.md,component/cloud_controller_manager.md,cloud-controller-manager,title,
classification/kubernetes_cluster_networking_types.md,model/kubernetes_network_model.md,Kubernetes network model,title,
classification/kubernetes_cluster_networking_types.md,pattern/kubernetes_controller_pattern.md,controller,alias,
classification/kubernetes_cluster_networking_types.md,policy/garbage_collection_in_kubernetes.md,Kubernetes,alias,
classification/kubernetes_cluster_networking_types.md,policy/dual_stack_networking_policy.md,IPv4/IPv6,alias,
classification/kubernetes_cluster_networking_types.md,definition/address_types.md,IP family,alias,
classification/kubernetes_cluster_networking_types.md,procedure/configuring_load_balancing_and_services.md,Services,alias,
classification/kubernetes_cluster_networking_types.md,definition/kubernetes_node_components_overview.md,kubelet,alias,
classification/kubernetes_cluster_networking_types.md,plugin/gangscheduling_plugin.md,plugin,alias,
classification/kubernetes_cluster_networking_types.md,definition/kubernetes_cluster_architecture.md,Nodes,alias,
classification/kubernetes_cluster_networking_types.md,entity/node.md,node,title,
mechanism/kubernetes_network_model_implementation.md,component/kubernetes_network_plugins.md,Container Network Interface,alias,
mechanism/kubernetes_network_model_implementation.md,model/kubernetes_network_model.md,Kubernetes network model,title,
mechanism/kubernetes_network_model_implementation.md,entity/container_runtime.md,container runtime,title,
mechanism/kubernetes_network_model_implementation.md,list/kubernetes_networking_add_ons.md,CNI plugins,alias,
mechanism/kubernetes_network_model_implementation.md,entity/node.md,node,title,
mechanism/kubernetes_network_model_implementation.md,procedure/configuring_ip_address_management_ipam.md,IPAM,alias,
feature/runtime_class_overview.md,procedure/configure_cri_implementation_on_nodes.md,container runtime configuration,alias,
feature/runtime_class_overview.md,entity/runtimeclass.md,RuntimeClass,title,
feature/runtime_class_overview.md,entity/container_runtime_1.md,runtime,alias,
feature/runtime_class_overview.md,definition/kubernetes_cluster_architecture.md,Pods,alias,
procedure/configure_cri_implementation_on_nodes.md,entity/container_runtime_1.md,runtime,alias,
procedure/configure_cri_implementation_on_nodes.md,definition/kubernetes_cluster_architecture.md,nodes,alias,
procedure/create_runtimeclass_resources.md,entity/runtimeclass.md,RuntimeClass,title,
concept/runtimeclass_resource.md,entity/runtimeclass.md,RuntimeClass,title,
concept/runtimeclass_resource.md,resource/cluster_resources.md,resource,alias,
concept/runtimeclass_resource.md,definition/api_group_resource_type_namespace_and_name.md,name,alias,
concept/node_configuration.md,procedure/configure_node_selector_and_tolerations.md,node configuration,alias,
concept/node_configuration.md,entity/runtimeclass.md,RuntimeClass,title,
concept/node_configuration.md,definition/kubernetes_cluster_architecture.md,nodes,alias,
procedure/configure_node_selector_and_tolerations.md,entity/runtimeclass.md,RuntimeClass,title,
procedure/configure_node_selector_and_tolerations.md,concept/scheduling.md,scheduling,title,
procedure/configure_node_selector_and_tolerations.md,definition/kubernetes_cluster_architecture.md,nodes,alias,
concept/scheduling.md,entity/runtimeclass.md,RuntimeClass,title,
concept/scheduling.md,policy/kubernetes_scheduling_overview.md,scheduling,alias,
concept/scheduling.md,definition/kubernetes_cluster_architecture.md,nodes,alias,
policy/kubernetes_cluster_networking_requirements.md,component/kubernetes_network_plugins.md,Container Network Interface,alias,
policy/kubernetes_cluster_networking_requirements.md,resource/cluster_networking.md,cluster networking,title,
policy/kubernetes_cluster_networking_requirements.md,policy/garbage_collection_in_kubernetes.md,Kubernetes,alias,
procedure/installing_a_cni_plugin.md,mechanism/kubernetes_network_model_implementation.md,implement the Kubernetes network model,alias,
procedure/installing_a_cni_plugin.md,entity/container_runtime.md,Container Runtime,title,
procedure/installing_a_cni_plugin.md,definition/kubernetes_node_components_overview.md,Container Runtime,alias,
procedure/installing_a_cni_plugin.md,list/kubernetes_networking_add_ons.md,CNI plugins,alias,
procedure/installing_a_cni_plugin.md,procedure/configuring_load_balancing_and_services.md,Services,alias,
procedure/installing_a_cni_plugin.md,entity/node.md,node,title,
entity/container_runtime.md,definition/kubernetes_node_components_overview.md,Container Runtime,alias,
entity/container_runtime.md,procedure/configuring_load_balancing_and_services.md,Services,alias,
entity/container_runtime.md,entity/node.md,node,title,
metric/cni_specification_version.md,component/kubernetes_network_plugins.md,CNI specification,alias,
metric/cni_specification_version.md,implementation/pod_network_implementation_cni.md,CNI plugin,alias,
procedure/managing_cni_plugins_in_kubernetes.md,list/kubernetes_networking_add_ons.md,CNI plugins,alias,
procedure/managing_cni_plugins_in_kubernetes.md,policy/garbage_collection_in_kubernetes.md,Kubernetes,alias,
procedure/managing_cni_plugins_in_kubernetes.md,definition/kubernetes_node_components_overview.md,kubelet,alias,
procedure/managing_cni_plugins_in_kubernetes.md,plugin/gangscheduling_plugin.md,plugin,alias,
definition/loopback_interface.md,model/kubernetes_network_model.md,Kubernetes network model,title,
definition/loopback_interface.md,policy/garbage_collection_in_kubernetes.md,Kubernetes,alias,
definition/loopback_interface.md,implementation/pod_network_implementation_cni.md,CNI plugin,alias,
definition/loopback_interface.md,definition/kubernetes_cluster_architecture.md,nodes,alias,
procedure/implementing_loopback_interface.md,definition/loopback_interface.md,loopback interface,title,
procedure/implementing_loopback_interface.md,plugin/gangscheduling_plugin.md,plugin,alias,
feature/support_for_hostport.md,implementation/pod_network_implementation_cni.md,CNI plugin,alias,
feature/support_for_hostport.md,plugin/gangscheduling_plugin.md,plugin,alias,
feature/support_for_traffic_shaping.md,implementation/pod_network_implementation_cni.md,CNI plugin,alias,
feature/support_for_traffic_shaping.md,api/gateway_api.md,ingress,alias,
feature/support_for_traffic_shaping.md,plugin/gangscheduling_plugin.md,plugin,alias,
resource/cni_configuration_file.md,resource/cni_bin_dir.md,CNI bin dir,title,
resource/cni_configuration_file.md,plugin/gangscheduling_plugin.md,plugin,alias,
definition/kubernetes_definition.md,entity/deployment.md,deployment,title,
definition/kubernetes_definition.md,policy/garbage_collection_in_kubernetes.md,Kubernetes,alias,
entity/kubernetes_components.md,definition/kubernetes_cluster_architecture.md,Kubernetes cluster,alias,
entity/kubernetes_components.md,pattern/kubernetes_controller_pattern.md,controller,alias,
entity/kubernetes_components.md,policy/api_server_behavior_in_kubernetes.md,API server,alias,
procedure/deploying_applications_with_kubernetes.md,entity/deployment.md,deployment,title,
procedure/deploying_applications_with_kubernetes.md,policy/garbage_collection_in_kubernetes.md,Kubernetes,alias,
procedure/deploying_applications_with_kubernetes.md,tool/kubectl_command_line_tool.md,kubectl,alias,
metric/resource_utilization_in_kubernetes.md,policy/garbage_collection_in_kubernetes.md,Kubernetes,alias,
metric/resource_utilization_in_kubernetes.md,resource/cluster_resources.md,resource,alias,
entity/pods_in_kubernetes.md,policy/garbage_collection_in_kubernetes.md,Kubernetes,alias,
procedure/scaling_applications_with_kubernetes.md,entity/deployment.md,deployment,title,
procedure/scaling_applications_with_kubernetes.md,policy/garbage_collection_in_kubernetes.md,Kubernetes,alias,
procedure/scaling_applications_with_kubernetes.md,tool/kubectl_command_line_tool.md,kubectl,alias,
definition/service_discovery_in_kubernetes.md,list/kubernetes_service_discovery.md,service discovery,alias,
definition/service_discovery_in_kubernetes.md,policy/garbage_collection_in_kubernetes.md,Kubernetes,alias,
definition/service_discovery_in_kubernetes.md,procedure/configuring_load_balancing_and_services.md,services,alias,
definition/service_discovery_in_kubernetes.md,concept/pod_definition.md,process,alias,
procedure/managing_secrets_in_kubernetes.md,policy/garbage_collection_in_kubernetes.md,Kubernetes,alias,
procedure/managing_secrets_in_kubernetes.md,tool/kubectl_command_line_tool.md,kubectl,alias,
metric/cluster_performance_metrics_in_kubernetes.md,metric/resource_utilization_in_kubernetes.md,cluster performance,alias,
metric/cluster_performance_metrics_in_kubernetes.md,policy/garbage_collection_in_kubernetes.md,Kubernetes,alias,
entity/namespaces_in_kubernetes.md,policy/garbage_collection_in_kubernetes.md,Kubernetes,alias,
entity/namespaces_in_kubernetes.md,definition/api_group_resource_type_namespace_and_name.md,namespace,alias,
entity/namespaces_in_kubernetes.md,resource/cluster_resources.md,resource,alias,
procedure/rolling_out_updates_with_kubernetes.md,entity/deployment.md,deployment,title,
procedure/rolling_out_updates_with_kubernetes.md,policy/garbage_collection_in_kubernetes.md,Kubernetes,alias,
procedure/rolling_out_updates_with_kubernetes.md,tool/kubectl_command_line_tool.md,kubectl,alias,
definition/kubernetes_architecture.md,definition/kubernetes_cluster_architecture.md,Kubernetes cluster,alias,
definition/kubernetes_architecture.md,pattern/kubernetes_controller_pattern.md,controller,alias,
definition/kubernetes_architecture.md,policy/api_server_behavior_in_kubernetes.md,API server,alias,
procedure/monitoring_applications_with_kubernetes.md,entity/deployment.md,deployment,title,
procedure/monitoring_applications_with_kubernetes.md,policy/garbage_collection_in_kubernetes.md,Kubernetes,alias,
procedure/monitoring_applications_with_kubernetes.md,tool/kubectl_command_line_tool.md,kubectl,alias,
metric/resource_allocation_metrics_in_kubernetes.md,entity/resourceclaim.md,resource allocation,alias,
metric/resource_allocation_metrics_in_kubernetes.md,policy/garbage_collection_in_kubernetes.md,Kubernetes,alias,
entity/worker_node.md,definition/kubernetes_node_components_overview.md,kubelet,alias,
entity/worker_node.md,entity/node.md,node,title,
entity/addon.md,definition/kubernetes_addons_overview.md,Container Resource Monitoring,alias,
entity/addon.md,policy/garbage_collection_in_kubernetes.md,Kubernetes,alias,
tool/kubectl_command_line_tool.md,entity/kubernetes_api.md,Kubernetes API,title,
role/primary_interface_for_kubernetes_objects.md,policy/garbage_collection_in_kubernetes.md,Kubernetes,alias,
role/primary_interface_for_kubernetes_objects.md,tool/kubectl_command_line_tool.md,kubectl,alias,
authentication/authentication_with_kubeconfig_file.md,policy/api_server_behavior_in_kubernetes.md,API server,alias,
authentication/authentication_with_kubeconfig_file.md,tool/kubectl_command_line_tool.md,kubectl,alias,
operations/supported_operations_by_kubectl.md,tool/kubectl_command_line_tool.md,kubectl,alias,
plugins/extending_kubectl_with_plugins.md,tool/kubectl_command_line_tool.md,kubectl,alias,
plugins/extending_kubectl_with_plugins.md,plugin/gangscheduling_plugin.md,plugin,alias,
plugins/extending_kubectl_with_plugins.md,definition/api_group_resource_type_namespace_and_name.md,name,alias,
versioncompatibility/version_compatibility_of_kubectl.md,definition/kubernetes_cluster_architecture.md,control plane,alias,
versioncompatibility/version_compatibility_of_kubectl.md,tool/kubectl_command_line_tool.md,kubectl,alias,
learningresources/recommended_learning_resources_for_kubectl.md,entity/kubernetes_api.md,Kubernetes API,title,
learningresources/recommended_learning_resources_for_kubectl.md,tool/kubectl_command_line_tool.md,kubectl,alias,
objectmanagement/managing_kubernetes_objects_with_kubectl.md,tool/kubectl_command_line_tool.md,kubectl,alias,
policy/finalizer_purpose.md,concept/garbage_collection.md,garbage collection,title,
policy/finalizer_purpose.md,pattern/kubernetes_controller_pattern.md,controllers,alias,
policy/finalizer_purpose.md,resource/cluster_resources.md,resource,alias,
procedure/specifying_finalizers_in_a_manifest_file.md,resource/cluster_resources.md,resource,alias,
process/how_finalizers_work.md,policy/api_server_behavior_in_kubernetes.md,API server,alias,
process/how_finalizers_work.md,resource/cluster_resources.md,resource,alias,
process/how_finalizers_work.md,procedure/deleting_resources_in_kubernetes.md,delete,alias,
entity/persistentvolume_objects.md,procedure/using_finalizers_in_kubernetes.md,kubernetes.io/pv-protection,alias,
entity/persistentvolume_objects.md,metric/terminating_status_in_persistentvolumes.md,PersistentVolume,alias,
rule/custom_finalizer_names.md,policy/garbage_collection_in_kubernetes.md,Kubernetes,alias,
rule/custom_finalizer_names.md,policy/api_server_behavior_in_kubernetes.md,API server,alias,
rule/custom_finalizer_names.md,procedure/using_finalizers_in_kubernetes.md,finalizer,alias,
rule/custom_finalizer_names.md,definition/api_group_resource_type_namespace_and_name.md,name,alias,
concept/owner_references_and_labels.md,definition/kubernetes_owner_references.md,owner references,alias,
concept/owner_references_and_labels.md,policy/garbage_collection_in_kubernetes.md,Kubernetes,alias,
policy/unique_object_names.md,policy/garbage_collection_in_kubernetes.md,Kubernetes,alias,
policy/unique_object_names.md,resource/cluster_resources.md,resource,alias,
definition/api_group_resource_type_namespace_and_name.md,policy/garbage_collection_in_kubernetes.md,Kubernetes,alias,
definition/api_group_resource_type_namespace_and_name.md,entity/api_group.md,API group,title,
definition/api_group_resource_type_namespace_and_name.md,resource/cluster_resources.md,Resource,alias,
procedure/generating_unique_names.md,resource/cluster_resources.md,resource,alias,
procedure/generating_unique_names.md,definition/api_group_resource_type_namespace_and_name.md,name,alias,
metric/maximum_name_length.md,metric/dns_subdomain_name_requirements.md,DNS subdomain,alias,
metric/maximum_name_length.md,metric/rfc_1123_label_name_requirements.md,RFC 1123,alias,
metric/maximum_name_length.md,resource/cluster_resources.md,resource,alias,
metric/maximum_name_length.md,definition/api_group_resource_type_namespace_and_name.md,name,alias,
metric/dns_subdomain_name_requirements.md,metric/rfc_1123_label_name_requirements.md,RFC 1123,alias,
metric/dns_subdomain_name_requirements.md,resource/cluster_resources.md,resource,alias,
metric/dns_subdomain_name_requirements.md,definition/api_group_resource_type_namespace_and_name.md,name,alias,
metric/rfc_1123_label_name_requirements.md,resource/cluster_resources.md,resource,alias,
metric/rfc_1123_label_name_requirements.md,definition/api_group_resource_type_namespace_and_name.md,name,alias,
metric/rfc_1035_label_name_requirements.md,resource/cluster_resources.md,resource,alias,
metric/rfc_1035_label_name_requirements.md,definition/api_group_resource_type_namespace_and_name.md,name,alias,
metric/path_segment_name_requirements.md,resource/cluster_resources.md,resource,alias,
metric/path_segment_name_requirements.md,definition/api_group_resource_type_namespace_and_name.md,name,alias,
definition/uids_in_kubernetes.md,policy/garbage_collection_in_kubernetes.md,Kubernetes,alias,
procedure/relaxed_service_name_validation.md,entity/kubernetes_service.md,Service,alias,
metric/maximum_attempts_for_unique_name_generation.md,policy/garbage_collection_in_kubernetes.md,Kubernetes,alias,
metric/maximum_attempts_for_unique_name_generation.md,definition/api_group_resource_type_namespace_and_name.md,name,alias,
entity/node.md,policy/garbage_collection_in_kubernetes.md,Kubernetes,alias,
entity/node.md,entity/worker_node.md,Node,alias,
entity/node.md,definition/api_group_resource_type_namespace_and_name.md,name,alias,
policy/owner_references_in_object_specifications.md,definition/kubernetes_owner_references.md,owner reference,alias,
policy/owner_references_in_object_specifications.md,procedure/configuring_owner_relationships_manually.md,ownerReferences,alias,
policy/owner_references_in_object_specifications.md,definition/api_group_resource_type_namespace_and_name.md,namespace,alias,
procedure/configuring_owner_relationships_manually.md,policy/garbage_collection_in_kubernetes.md,Kubernetes,alias,
definition/owner_references_vs_labels_and_selectors.md,definition/kubernetes_owner_references.md,Owner references,alias,
definition/owner_references_vs_labels_and_selectors.md,policy/garbage_collection_in_kubernetes.md,Kubernetes,alias,
definition/owner_references_vs_labels_and_selectors.md,policy/podgroup_ownership_and_lifecycle.md,Ownership,alias,
definition/owner_references_vs_labels_and_selectors.md,concept/owner_references_and_labels.md,labels,alias,
rule/cross_namespace_owner_references.md,rule/owner_reference_namespace_rules.md,Cross-namespace owner references,alias,
rule/cross_namespace_owner_references.md,design_principle/controller_design_principles.md,design,alias,
metric/invalid_owner_references.md,definition/kubernetes_owner_references.md,owner reference,alias,
procedure/checking_for_invalid_owner_references.md,rule/owner_reference_namespace_rules.md,OwnerRefInvalidNamespace,alias,
procedure/checking_for_invalid_owner_references.md,tool/kubectl_command_line_tool.md,kubectl,alias,
procedure/using_finalizers_in_kubernetes.md,definition/kubernetes_cascading_deletion.md,cascading deletion,alias,
procedure/using_finalizers_in_kubernetes.md,policy/garbage_collection_in_kubernetes.md,Kubernetes,alias,
procedure/using_finalizers_in_kubernetes.md,definition/foreground_and_orphan_cascading_deletion.md,foreground,alias,
procedure/using_finalizers_in_kubernetes.md,resource/cluster_resources.md,resource,alias,
policy/garbage_collection_in_kubernetes.md,pattern/kubernetes_controller_pattern.md,controller,alias,
policy/garbage_collection_in_kubernetes.md,policy/api_server_behavior_in_kubernetes.md,API server,alias,
policy/garbage_collection_in_kubernetes.md,procedure/using_finalizers_in_kubernetes.md,finalizer,alias,
policy/garbage_collection_in_kubernetes.md,resource/cluster_resources.md,resource,alias,
policy/garbage_collection_in_kubernetes.md,concept/pod_definition.md,process,alias,
policy/garbage_collection_in_kubernetes.md,procedure/deleting_resources_in_kubernetes.md,delete,alias,
procedure/deleting_resources_in_kubernetes.md,procedure/foreground_cascading_deletion_process.md,foreground deletion,alias,
procedure/deleting_resources_in_kubernetes.md,procedure/configuring_owner_relationships_manually.md,ownerReferences,alias,
procedure/deleting_resources_in_kubernetes.md,pattern/kubernetes_controller_pattern.md,controller,alias,
procedure/deleting_resources_in_kubernetes.md,definition/foreground_and_orphan_cascading_deletion.md,foreground,alias,
procedure/deleting_resources_in_kubernetes.md,procedure/using_finalizers_in_kubernetes.md,finalizer,alias,
definition/foreground_and_orphan_cascading_deletion.md,procedure/foreground_cascading_deletion_process.md,foreground deletion,alias,
definition/foreground_and_orphan_cascading_deletion.md,procedure/configuring_owner_relationships_manually.md,ownerReferences,alias,
definition/foreground_and_orphan_cascading_deletion.md,pattern/kubernetes_controller_pattern.md,controller,alias,
definition/foreground_and_orphan_cascading_deletion.md,policy/garbage_collection_in_kubernetes.md,Kubernetes,alias,
definition/foreground_and_orphan_cascading_deletion.md,procedure/using_finalizers_in_kubernetes.md,finalizer,alias,
definition/foreground_and_orphan_cascading_deletion.md,procedure/deleting_resources_in_kubernetes.md,delete,alias,
metric/terminating_status_in_persistentvolumes.md,policy/garbage_collection_in_kubernetes.md,Kubernetes,alias,
metric/terminating_status_in_persistentvolumes.md,procedure/using_finalizers_in_kubernetes.md,finalizer,alias,
policy/api_server_behavior_in_kubernetes.md,pattern/kubernetes_controller_pattern.md,controller,alias,
policy/api_server_behavior_in_kubernetes.md,policy/garbage_collection_in_kubernetes.md,Kubernetes,alias,
policy/api_server_behavior_in_kubernetes.md,procedure/using_finalizers_in_kubernetes.md,finalizer,alias,
policy/api_server_behavior_in_kubernetes.md,resource/cluster_resources.md,resource,alias,
policy/api_server_behavior_in_kubernetes.md,concept/pod_definition.md,process,alias,
policy/api_server_behavior_in_kubernetes.md,procedure/deleting_resources_in_kubernetes.md,delete,alias,
feature/gang_scheduling_overview.md,procedure/gang_scheduling.md,Gang scheduling,title,
feature/gang_scheduling_overview.md,definition/podgroup.md,group of Pods,alias,
feature/gang_scheduling_overview.md,entity/node.md,node,title,
feature/gang_scheduling_overview.md,definition/kubernetes_cluster_architecture.md,Pods,alias,
plugin/gangscheduling_plugin.md,concept/workload_placement.md,scheduling policy,alias,
plugin/gangscheduling_plugin.md,policy/podgroup_ownership_and_lifecycle.md,lifecycle,alias,
plugin/gangscheduling_plugin.md,definition/podgroup.md,PodGroup,title,
plugin/gangscheduling_plugin.md,definition/kubernetes_cluster_architecture.md,Pods,alias,
process/podgroup_scheduling_process.md,entity/podgroup_api_resource.md,PodGroup object,alias,
process/podgroup_scheduling_process.md,definition/podgroup.md,PodGroup,title,
process/podgroup_scheduling_process.md,metric/mincount.md,minCount,title,
process/podgroup_scheduling_process.md,concept/pod_definition.md,process,alias,
process/podgroup_scheduling_process.md,definition/kubernetes_cluster_architecture.md,Pods,alias,
condition/quorum_condition.md,definition/kubernetes_cluster_architecture.md,Pods,alias,
decision/scheduling_decision.md,metric/mincount.md,minCount,title,
decision/scheduling_decision.md,definition/kubernetes_cluster_architecture.md,nodes,alias,
queue/unschedulable_queue.md,resource/cluster_resources.md,cluster resources,title,
queue/unschedulable_queue.md,metric/mincount.md,minCount,title,
queue/unschedulable_queue.md,definition/kubernetes_cluster_architecture.md,Pods,alias,
metric/mincount_metric.md,metric/mincount.md,minCount,title,
metric/mincount_metric.md,definition/kubernetes_cluster_architecture.md,nodes,alias,
extension_point/permit_extension_point.md,plugin/gangscheduling_plugin.md,plugin,alias,
resource/cluster_resources.md,queue/unschedulable_queue.md,unschedulable queue,title,
resource/cluster_resources.md,metric/resource_allocation_metrics_in_kubernetes.md,cluster resources,alias,
resource/cluster_resources.md,metric/mincount.md,minCount,title,
resource/cluster_resources.md,definition/kubernetes_cluster_architecture.md,Pods,alias,
policy/kubernetes_scheduling_overview.md,policy/garbage_collection_in_kubernetes.md,Kubernetes,alias,
policy/kubernetes_scheduling_overview.md,definition/kubernetes_node_components_overview.md,kubelet,alias,
policy/kubernetes_scheduling_overview.md,definition/kubernetes_cluster_architecture.md,Nodes,alias,
policy/kubernetes_scheduling_overview.md,entity/node.md,Node,title,
policy/kubernetes_scheduling_overview.md,entity/worker_node.md,Node,alias,
procedure/kube_scheduler_selection_process.md,policy/kubernetes_scheduling_overview.md,kube-scheduler,alias,
procedure/kube_scheduler_selection_process.md,concept/pod_definition.md,process,alias,
procedure/kube_scheduler_selection_process.md,entity/node.md,node,title,
procedure/kube_scheduler_selection_process.md,definition/kubernetes_cluster_architecture.md,pods,alias,
entity/feasible_nodes.md,concept/scheduling.md,scheduling,title,
entity/feasible_nodes.md,definition/kubernetes_cluster_architecture.md,Nodes,alias,
metric/node_scores.md,entity/node.md,Node,title,
procedure/filtering_step_in_kube_scheduler.md,definition/kubernetes_cluster_architecture.md,Nodes,alias,
procedure/scoring_step_in_kube_scheduler.md,concept/scheduling.md,Pod placement,alias,
procedure/scoring_step_in_kube_scheduler.md,definition/kubernetes_cluster_architecture.md,nodes,alias,
policy/scheduling_policies_in_kube_scheduler.md,policy/scheduling_profiles_in_kube_scheduler.md,Scheduling Profiles,alias,
policy/scheduling_policies_in_kube_scheduler.md,concept/scheduling.md,Scheduling,title,
policy/scheduling_profiles_in_kube_scheduler.md,policy/kubernetes_scheduling_overview.md,kube-scheduler,alias,
procedure/binding_in_kube_scheduler.md,policy/api_server_behavior_in_kubernetes.md,API server,alias,
procedure/binding_in_kube_scheduler.md,decision/scheduling_decision.md,decision,alias,
procedure/binding_in_kube_scheduler.md,concept/pod_definition.md,process,alias,
policy/pod_overhead_accounting.md,policy/garbage_collection_in_kubernetes.md,Kubernetes,alias,
definition/pod_overhead_field.md,entity/runtimeclass.md,RuntimeClass,title,
procedure/updating_podspec_with_overhead.md,policy/priority_admission_controller.md,admission controller,alias,
procedure/updating_podspec_with_overhead.md,entity/runtimeclass.md,RuntimeClass,title,
procedure/updating_podspec_with_overhead.md,entity/workload.md,workload,title,
metric/kubepodoverhead_metrics.md,list/legacy_and_other_kubernetes_add_ons.md,kube-state-metrics,alias,
metric/kubepodoverhead_metrics.md,policy/pod_overhead_accounting.md,Pod overhead,alias,
entity/runtimeclass.md,policy/garbage_collection_in_kubernetes.md,Kubernetes,alias,
procedure/container_request_calculation.md,policy/kubernetes_scheduling_overview.md,kube-scheduler,alias,
procedure/container_request_calculation.md,entity/node.md,node,title,
procedure/setting_container_limits.md,resource/cluster_resources.md,resource,alias,
procedure/setting_container_limits.md,definition/kubernetes_node_components_overview.md,kubelet,alias,
procedure/setting_cpu_shares.md,definition/kubernetes_node_components_overview.md,kubelet,alias,
policy/podgroup_scheduling_cycle.md,process/podgroup_scheduling_process.md,PodGroup scheduling,alias,
policy/podgroup_scheduling_cycle.md,policy/kubernetes_scheduling_overview.md,kube-scheduler,alias,
policy/podgroup_scheduling_cycle.md,definition/podgroup.md,group of Pods,alias,
policy/podgroup_scheduling_cycle.md,concept/scheduling.md,scheduling,title,
policy/podgroup_scheduling_cycle.md,definition/kubernetes_cluster_architecture.md,Pods,alias,
procedure/snapshotting_cluster_state.md,definition/podgroup.md,PodGroup,title,
procedure/finding_feasible_placements.md,procedure/understanding_the_gang_scheduling_algorithm.md,scheduling algorithm,alias,
procedure/finding_feasible_placements.md,definition/podgroup.md,PodGroup,title,
procedure/finding_feasible_placements.md,entity/node.md,Node,title,
procedure/finding_feasible_placements.md,definition/kubernetes_cluster_architecture.md,Pods,alias,
procedure/atomic_decision_making.md,decision/scheduling_decision.md,scheduling decision,title,
procedure/atomic_decision_making.md,definition/podgroup.md,PodGroup,title,
procedure/placement_scheduling_algorithm.md,entity/topologyplacement_plugin.md,placement generation,alias,
procedure/placement_scheduling_algorithm.md,procedure/understanding_the_gang_scheduling_algorithm.md,scheduling algorithm,alias,
procedure/placement_scheduling_algorithm.md,procedure/finding_feasible_placements.md,feasibility check,alias,
procedure/placement_scheduling_algorithm.md,entity/noderesourcesfit_plugin.md,placement scoring,alias,
procedure/placement_scheduling_algorithm.md,definition/podgroup.md,PodGroup,title,
entity/podgroup_conditions.md,policy/podgroup_scheduling_cycle.md,PodGroup scheduling cycle,title,
entity/podgroup_conditions.md,definition/podgroup.md,PodGroup,title,
procedure/gang_scheduling.md,policy_type/gang_policy.md,gang policy,title,
procedure/gang_scheduling.md,definition/kubernetes_cluster_architecture.md,Pods,alias,
procedure/preemption.md,condition/quorum_condition.md,condition,alias,
procedure/preemption.md,definition/podgroup.md,PodGroup,title,
procedure/pod_sorting.md,definition/podgroup.md,PodGroup,title,
procedure/pod_sorting.md,definition/kubernetes_cluster_architecture.md,Pods,alias,
procedure/extension_points.md,definition/podgroup.md,PodGroup,title,
policy/topology_aware_scheduling_algorithm.md,procedure/placement_scheduling_algorithm.md,placement scheduling algorithm,title,
policy/topology_aware_scheduling_algorithm.md,policy/topology_aware_scheduling.md,Topology-Aware Scheduling,title,
policy/topology_aware_scheduling_algorithm.md,entity/topology_domain.md,topology domain,title,
policy/topology_aware_scheduling_algorithm.md,concept/scheduling.md,Scheduling,title,
policy/topology_aware_scheduling_algorithm.md,entity/workload.md,Workload,title,
policy/topology_aware_scheduling_algorithm.md,definition/kubernetes_cluster_architecture.md,pods,alias,
procedure/configuring_tas_plugins.md,procedure/extension_points.md,extension points,title,
entity/topologyplacement_plugin.md,definition/podgroup.md,PodGroup,title,
entity/topologyplacement_plugin.md,plugin/gangscheduling_plugin.md,plugin,alias,
entity/topologyplacement_plugin.md,definition/kubernetes_cluster_architecture.md,nodes,alias,
entity/noderesourcesfit_plugin.md,resource/cluster_resources.md,resource,alias,
entity/noderesourcesfit_plugin.md,plugin/gangscheduling_plugin.md,plugin,alias,
entity/noderesourcesfit_plugin.md,definition/kubernetes_cluster_architecture.md,nodes,alias,
entity/podgrouppodscount_plugin.md,definition/podgroup.md,PodGroup,title,
entity/podgrouppodscount_plugin.md,plugin/gangscheduling_plugin.md,plugin,alias,
entity/podgrouppodscount_plugin.md,definition/kubernetes_cluster_architecture.md,pods,alias,
procedure/customizing_plugin_weights.md,entity/kubeschedulerconfiguration.md,KubeSchedulerConfiguration,title,
procedure/customizing_plugin_weights.md,concept/scheduling.md,scheduling,title,
procedure/customizing_plugin_weights.md,definition/kubernetes_cluster_architecture.md,pods,alias,
metric/placement_score.md,plugin/gangscheduling_plugin.md,plugin,alias,
metric/placement_score.md,definition/kubernetes_cluster_architecture.md,nodes,alias,
metric/pod_count.md,entity/podgrouppodscount_plugin.md,pod count,alias,
metric/pod_count.md,definition/podgroup.md,PodGroup,title,
metric/pod_count.md,plugin/gangscheduling_plugin.md,plugin,alias,
metric/pod_count.md,definition/kubernetes_cluster_architecture.md,pods,alias,
entity/kubeschedulerconfiguration.md,plugin/gangscheduling_plugin.md,plugin,alias,
policy/workload_aware_preemption_policy.md,concept/scheduling.md,scheduling,title,
policy/workload_aware_preemption_policy.md,procedure/preemption.md,preemption,title,
policy/workload_aware_preemption_policy.md,procedure/selecting_victims_for_preemption.md,preemption,alias,
policy/workload_aware_preemption_policy.md,definition/podgroup.md,PodGroup,title,
policy/workload_aware_preemption_policy.md,entity/workload.md,Workload,title,
procedure/enabling_workload_aware_preemption.md,entity/api_group.md,scheduling.k8s.io/v1alpha2,alias,
procedure/enabling_workload_aware_preemption.md,definition/api_group_resource_type_namespace_and_name.md,API group,alias,
definition/victim_importance_hierarchy.md,procedure/preemption.md,preemption,title,
definition/victim_importance_hierarchy.md,procedure/selecting_victims_for_preemption.md,preemption,alias,
definition/victim_importance_hierarchy.md,entity/workload.md,Workload,title,
definition/victim_importance_hierarchy.md,definition/kubernetes_cluster_architecture.md,pods,alias,
procedure/scheduling_with_workload_aware_preemption.md,definition/podgroup.md,PodGroup,title,
procedure/scheduling_with_workload_aware_preemption.md,definition/kubernetes_cluster_architecture.md,pods,alias,
entity/podgroup_priority_and_disruption.md,definition/disruption_mode.md,disruption mode,title,
entity/podgroup_priority_and_disruption.md,procedure/preemption.md,preemption,title,
entity/podgroup_priority_and_disruption.md,definition/podgroup.md,PodGroup,title,
entity/podgroup_priority_and_disruption.md,definition/kubernetes_cluster_architecture.md,pods,alias,
metric/preemption_unit_importance.md,procedure/preemption.md,preemption,title,
metric/preemption_unit_importance.md,entity/workload.md,workload,title,
procedure/default_pod_preemption.md,concept/scheduling.md,scheduling,title,
procedure/default_pod_preemption.md,procedure/preemption.md,preemption,title,
procedure/default_pod_preemption.md,procedure/selecting_victims_for_preemption.md,preemption,alias,
procedure/default_pod_preemption.md,definition/podgroup.md,PodGroup,title,
entity/gang_scheduling.md,process/podgroup_scheduling_process.md,PodGroup scheduling,alias,
entity/gang_scheduling.md,procedure/gang_scheduling.md,gang scheduling,title,
entity/gang_scheduling.md,procedure/preemption.md,preemption,title,
entity/gang_scheduling.md,definition/podgroup.md,PodGroup,title,
entity/gang_scheduling.md,definition/kubernetes_cluster_architecture.md,pods,alias,
entity/workload_api.md,policy/workload_aware_preemption_policy.md,workload-aware preemption,alias,
entity/workload_api.md,definition/kubernetes_cluster_architecture.md,Kubernetes cluster,alias,
entity/workload_api.md,procedure/gang_scheduling.md,gang scheduling,title,
entity/workload_api.md,template/podgrouptemplates.md,Workload API,alias,
metric/cluster_wide_domain.md,procedure/preemption.md,preemption,title,
metric/cluster_wide_domain.md,entity/node.md,node,title,
metric/cluster_wide_domain.md,entity/worker_node.md,node,alias,
procedure/selecting_victims_for_preemption.md,definition/podgroup.md,PodGroup,title,
procedure/selecting_victims_for_preemption.md,definition/kubernetes_cluster_architecture.md,nodes,alias,
definition/disruption_mode.md,entity/podgroup_priority_and_disruption.md,disruption mode,alias,
definition/disruption_mode.md,procedure/preemption.md,preemption,title,
definition/disruption_mode.md,definition/podgroup.md,PodGroup,title,
definition/disruption_mode.md,definition/kubernetes_cluster_architecture.md,pods,alias,
entity/api_group.md,policy/workload_aware_preemption_policy.md,workload-aware preemption,alias,
entity/api_group.md,definition/kubernetes_cluster_architecture.md,Kubernetes cluster,alias,
entity/api_group.md,procedure/gang_scheduling.md,gang scheduling,title,
entity/api_group.md,concept/scheduling.md,scheduling,title,
entity/api_group.md,definition/api_group_resource_type_namespace_and_name.md,API group,alias,
policy/cloud_provider_security_best_practices.md,definition/kubernetes_cluster_architecture.md,Kubernetes cluster,alias,
policy/cloud_provider_security_best_practices.md,procedure/configuring_load_balancing_and_services.md,Services,alias,
procedure/configuring_tls_for_control_plane_protection.md,definition/kubernetes_cluster_architecture.md,control plane,alias,
procedure/configuring_tls_for_control_plane_protection.md,policy/garbage_collection_in_kubernetes.md,Kubernetes,alias,
procedure/implementing_network_policies.md,definition/kubernetes_cluster_architecture.md,Pods,alias,
procedure/deploying_security_controls_from_ecosystem_projects.md,definition/kubernetes_cluster_architecture.md,Pods,alias,
procedure/using_admission_controllers.md,guide/kubernetes_admission_control.md,Admission controllers,alias,
procedure/using_admission_controllers.md,entity/kubernetes_api.md,Kubernetes API,title,
procedure/auditing_cluster_activities.md,definition/auditing.md,audit logging,alias,
procedure/auditing_cluster_activities.md,policy/garbage_collection_in_kubernetes.md,Kubernetes,alias,
procedure/learning_related_security_topics.md,policy/kubernetes_api_access_control.md,Controlling Access to the Kubernetes API,alias,
procedure/learning_related_security_topics.md,procedure/implementing_network_policies.md,Network policies,alias,
procedure/learning_related_security_topics.md,definition/kubernetes_cluster_architecture.md,control plane,alias,
procedure/learning_related_security_topics.md,policy/garbage_collection_in_kubernetes.md,Kubernetes,alias,
policy/cloud_native_security_architecture.md,policy/garbage_collection_in_kubernetes.md,Kubernetes,alias,
procedure/development_environment_security.md,design_principle/controller_design_principles.md,Design,alias,
procedure/code_review_process.md,concept/pod_definition.md,process,alias,
procedure/access_control.md,entity/kubernetes_components.md,cluster components,alias,
procedure/access_control.md,authentication/authentication_with_kubeconfig_file.md,authentication,alias,
procedure/access_control.md,definition/kubernetes_authentication_and_authorization.md,authorization,alias,
procedure/compute_security.md,definition/kubernetes_cluster_architecture.md,nodes,alias,
procedure/storage_security.md,plugin/gangscheduling_plugin.md,plugin,alias,
procedure/networking_security.md,api/networkpolicy.md,NetworkPolicy,title,
procedure/networking_security.md,entity/kubernetes_service.md,service,alias,
procedure/networking_security.md,plugin/gangscheduling_plugin.md,plugin,alias,
entity/kubernetes_api.md,procedure/cluster_security.md,cluster security,title,
entity/kubernetes_api.md,policy/garbage_collection_in_kubernetes.md,Kubernetes,alias,
entity/container_runtime_1.md,entity/container_runtime.md,container runtime,title,
entity/container_runtime_1.md,definition/kubernetes_node_components_overview.md,container runtime,alias,
entity/container_runtime_1.md,policy/garbage_collection_in_kubernetes.md,Kubernetes,alias,
policy/kubernetes_api_server_tls_configuration.md,definition/kubernetes_cluster_architecture.md,Kubernetes cluster,alias,
policy/kubernetes_api_server_tls_configuration.md,entity/kubernetes_api.md,Kubernetes API,title,
definition/authentication_module.md,policy/api_server_behavior_in_kubernetes.md,API server,alias,
procedure/configuring_authentication_modules.md,authentication/authentication_with_kubeconfig_file.md,authentication,alias,
definition/auditing.md,policy/garbage_collection_in_kubernetes.md,Kubernetes,alias,
definition/auditing.md,procedure/auditing_cluster_activities.md,auditing,alias,
model/kubernetes_network_model.md,policy/kubernetes_cluster_networking_requirements.md,Kubernetes network model,alias,
model/kubernetes_network_model.md,definition/api_group_resource_type_namespace_and_name.md,namespace,alias,
component/pod_network_namespace.md,definition/api_group_resource_type_namespace_and_name.md,namespace,alias,
component/pod_network_cluster_network.md,model/kubernetes_network_model.md,pod network,alias,
component/pod_network_cluster_network.md,definition/kubernetes_cluster_architecture.md,nodes,alias,
component/pod_network_cluster_network.md,entity/node.md,node,title,
api/service_api.md,entity/kubernetes_service.md,Service,alias,
api/service_api.md,definition/kubernetes_cluster_architecture.md,pods,alias,
api/gateway_api.md,api/gateway_api_overview.md,Gateway API,alias,
api/gateway_api.md,procedure/configuring_load_balancing_and_services.md,Services,alias,
api/networkpolicy.md,entity/kubernetes_api.md,Kubernetes API,title,
api/networkpolicy.md,definition/kubernetes_cluster_architecture.md,pods,alias,
implementation/pod_network_implementation_cni.md,model/kubernetes_network_model.md,pod network,alias,
implementation/service_proxy_implementation.md,api/service_api.md,service proxy,alias,
implementation/service_proxy_implementation.md,entity/kubernetes_service.md,Service,alias,
tutorial/connecting_applications_with_services.md,policy/garbage_collection_in_kubernetes.md,Kubernetes,alias,
tutorial/connecting_applications_with_services.md,procedure/configuring_load_balancing_and_services.md,Services,alias,
resource/cluster_networking.md,policy/kubernetes_cluster_networking_requirements.md,Cluster Networking,alias,
policy/dual_stack_networking_policy.md,classification/kubernetes_cluster_networking_types.md,IPv4/IPv6 dual-stack,alias,
policy/dual_stack_networking_policy.md,definition/kubernetes_cluster_architecture.md,Kubernetes cluster,alias,
feature/pod_off_cluster_egress_routing.md,definition/kubernetes_cluster_architecture.md,Pods,alias,
prerequisite/kubernetes_version_prerequisite.md,classification/kubernetes_cluster_networking_types.md,IPv4/IPv6 dual-stack,alias,
prerequisite/kubernetes_version_prerequisite.md,policy/garbage_collection_in_kubernetes.md,Kubernetes,alias,
procedure/create_dual_stack_services.md,procedure/configuring_load_balancing_and_services.md,Services,alias,
procedure/switch_services_between_single_stack_and_dual_stack.md,classification/kubernetes_cluster_networking_types.md,dual-stack,alias,
procedure/switch_services_between_single_stack_and_dual_stack.md,procedure/configuring_load_balancing_and_services.md,Services,alias,
procedure/provision_dual_stack_load_balancer.md,api/gateway_api.md,load balancer,alias,
procedure/provision_dual_stack_load_balancer.md,classification/kubernetes_cluster_networking_types.md,dual-stack,alias,
limitation/windows_support_limitation.md,classification/kubernetes_cluster_networking_types.md,dual-stack,alias,
limitation/windows_support_limitation.md,policy/garbage_collection_in_kubernetes.md,Kubernetes,alias,
limitation/windows_support_limitation.md,policy/dual_stack_networking_policy.md,IPv4/IPv6,alias,
limitation/windows_support_limitation.md,procedure/configuring_load_balancing_and_services.md,services,alias,
limitation/windows_support_limitation.md,definition/kubernetes_cluster_architecture.md,nodes,alias,
definition/endpoint_slice.md,entity/kubernetes_service.md,Kubernetes Service,title,
definition/endpoint_slice.md,definition/kubernetes_cluster_architecture.md,control plane,alias,
definition/endpoint_slice.md,policy/garbage_collection_in_kubernetes.md,Kubernetes,alias,
policy/endpoint_slice_creation_and_management.md,entity/endpointslice_controller.md,endpoint slice controller,alias,
policy/endpoint_slice_creation_and_management.md,definition/kubernetes_cluster_architecture.md,control plane,alias,
policy/endpoint_slice_creation_and_management.md,pattern/kubernetes_controller_pattern.md,controllers,alias,
policy/endpoint_slice_creation_and_management.md,entity/kubernetes_service.md,service,alias,
metric/maximum_endpoints_per_slice.md,component/kube_controller_manager.md,kube-controller-manager,title,
entity/endpointslice_controller.md,definition/endpoint_slice.md,endpoint slice,title,
entity/endpointslice_controller.md,pattern/kubernetes_controller_pattern.md,controller,alias,
entity/endpointslice_controller.md,policy/garbage_collection_in_kubernetes.md,kubernetes,alias,
definition/address_types.md,entity/kubernetes_service.md,Service,alias,
procedure/endpoint_aggregation_and_deduplication.md,component/kube_proxy.md,kube-proxy,title,
policy/endpoint_slice_mirroring.md,procedure/configuring_load_balancing_and_services.md,Services,alias,
metric/maximum_addresses_per_subset.md,entity/node.md,Node,title,
entity/kube_proxy.md,entity/node.md,Node,title,
api/gateway_api_overview.md,design_principle/expressive_design.md,traffic routing,alias,
api/gateway_api_overview.md,api/gateway_api.md,Gateway API,title,
api/gateway_api_overview.md,procedure/configuring_load_balancing_and_services.md,services,alias,
design_principle/role_oriented_design.md,entity/kubernetes_service.md,Kubernetes service,title,
design_principle/role_oriented_design.md,api/gateway_api.md,Gateway API,title,
design_principle/expressive_design.md,api/gateway_api.md,Gateway API,title,
design_principle/extensible_design.md,api_kind/gateway.md,Gateway,title,
api_kind/gatewayclass.md,pattern/kubernetes_controller_pattern.md,controller,alias,
api_kind/gatewayclass.md,api_kind/gateway.md,Gateway,title,
api_kind/gatewayclass.md,entity/priorityclass.md,class,alias,
api_kind/gateway.md,definition/endpoint_slice.md,network endpoint,alias,
request_flow/http_traffic_request_flow.md,api_kind/gateway.md,Gateway,title,
request_flow/http_traffic_request_flow.md,definition/api_group_resource_type_namespace_and_name.md,name,alias,
migration/migrating_from_ingress.md,api/gateway_api.md,Gateway API,title,
migration/migrating_from_ingress.md,api/gateway_api_overview.md,Gateway API,alias,
installation/installing_gateway_api_crds.md,design_principle/extensible_design.md,Custom Resources,alias,
installation/installing_gateway_api_crds.md,api/gateway_api.md,Gateway API,title,
installation/installing_gateway_api_crds.md,policy/garbage_collection_in_kubernetes.md,Kubernetes,alias,
procedure/configuring_services_and_load_balancing_behavior.md,classification/kubernetes_cluster_networking_types.md,IPv4/IPv6 dual-stack,alias,
procedure/configuring_services_and_load_balancing_behavior.md,component/kube_proxy.md,kube-proxy,title,
procedure/configuring_services_and_load_balancing_behavior.md,policy/dual_stack_networking_policy.md,IPv4/IPv6,alias,
procedure/configuring_services_and_load_balancing_behavior.md,procedure/configuring_load_balancing_and_services.md,Services,alias,
procedure/configuring_services_and_load_balancing_behavior.md,api/gateway_api.md,ingress,alias,
procedure/configuring_services_and_load_balancing_behavior.md,entity/kubernetes_service.md,service,alias,
procedure/configuring_services_and_load_balancing_behavior.md,entity/kube_proxy.md,proxy,alias,
procedure/configuring_services_and_load_balancing_behavior.md,entity/node.md,node,title,
procedure/configuring_services_and_load_balancing_behavior.md,entity/worker_node.md,node,alias,
entity/flannel_cni_plugin.md,implementation/pod_network_implementation_cni.md,CNI plugin,alias,
entity/flannel_cni_plugin.md,api_kind/gateway.md,gateway,title,
entity/kubernetes_service.md,policy/garbage_collection_in_kubernetes.md,Kubernetes,alias,
entity/kubernetes_service.md,definition/kubernetes_cluster_architecture.md,Pods,alias,
procedure/configuring_load_balancing_and_services.md,entity/kubernetes_service.md,Service,alias,
procedure/configuring_outbound_communication_using_icmp_protocol.md,implementation/pod_network_implementation_cni.md,CNI plugin,alias,
concept/pod_definition.md,policy/garbage_collection_in_kubernetes.md,Kubernetes,alias,
concept/pod_definition.md,policy/podgroup_ownership_and_lifecycle.md,lifecycle,alias,
concept/pod_definition.md,entity/workload.md,workload,title,
concept/pod_definition.md,definition/kubernetes_cluster_architecture.md,Pods,alias,
policy/pod_failure_policy.md,policy/garbage_collection_in_kubernetes.md,Kubernetes,alias,
policy/pod_failure_policy.md,entity/node.md,node,title,
policy/pod_failure_policy.md,definition/kubernetes_cluster_architecture.md,pods,alias,
policy/pod_failure_policy.md,entity/worker_node.md,node,alias,
procedure/workload_resource_management.md,pattern/kubernetes_controller_pattern.md,controllers,alias,
procedure/workload_resource_management.md,entity/workload.md,workload,title,
procedure/workload_resource_management.md,definition/kubernetes_cluster_architecture.md,pods,alias,
entity/deployment.md,entity/workload.md,workload,title,
entity/statefulset.md,metric/terminating_status_in_persistentvolumes.md,PersistentVolume,alias,
entity/statefulset.md,entity/workload.md,workload,title,
entity/statefulset.md,definition/kubernetes_cluster_architecture.md,Pods,alias,
entity/daemonset.md,definition/kubernetes_cluster_architecture.md,control plane,alias,
entity/daemonset.md,entity/node.md,node,title,
entity/daemonset.md,entity/worker_node.md,node,alias,
procedure/job_and_cronjob_management.md,entity/job.md,Job,title,
concept/workload_placement.md,policy/scheduling_policies_in_kube_scheduler.md,scheduling policies,alias,
concept/workload_placement.md,template/podgrouptemplates.md,PodGroupTemplates,title,
concept/workload_placement.md,procedure/gang_scheduling.md,gang scheduling,title,
concept/workload_placement.md,entity/workload_api.md,Workload API,title,
concept/workload_placement.md,definition/kubernetes_cluster_architecture.md,Pods,alias,
procedure/running_automated_tasks.md,entity/job.md,Job,title,
concept/garbage_collection.md,policy/finalizer_purpose.md,Garbage collection,alias,
concept/garbage_collection.md,resource/cluster_resources.md,resource,alias,
concept/time_to_live_after_finished_controller.md,policy/ttl_after_finished_controller_policy.md,time-to-live,alias,
concept/time_to_live_after_finished_controller.md,pattern/kubernetes_controller_pattern.md,controller,alias,
procedure/making_an_application_available_on_the_internet.md,api/gateway_api.md,Ingress,alias,
procedure/making_an_application_available_on_the_internet.md,entity/kubernetes_service.md,Service,alias,
policy/ttl_after_finished_controller_policy.md,entity/ttl_after_finished_controller.md,TTL-after-finished controller,title,
policy/ttl_after_finished_controller_policy.md,metric/ttl_seconds.md,time to live,alias,
policy/ttl_after_finished_controller_policy.md,policy/garbage_collection_in_kubernetes.md,Kubernetes,alias,
policy/ttl_after_finished_controller_policy.md,entity/job.md,Job,title,
procedure/setting_ttl_seconds_for_jobs.md,metric/ttl_seconds.md,TTL seconds,title,
procedure/setting_ttl_seconds_for_jobs.md,entity/job.md,Job,title,
entity/ttl_after_finished_controller.md,policy/ttl_after_finished_controller_policy.md,TTL-after-finished,alias,
entity/ttl_after_finished_controller.md,pattern/kubernetes_controller_pattern.md,controller,alias,
entity/ttl_after_finished_controller.md,entity/job.md,Job,title,
metric/ttl_seconds.md,entity/job.md,Job,title,
procedure/updating_ttl_for_finished_jobs.md,entity/job.md,job,title,
risk/time_skew_risk.md,entity/ttl_after_finished_controller.md,TTL-after-finished controller,title,
risk/time_skew_risk.md,definition/kubernetes_cluster_architecture.md,control plane,alias,
risk/time_skew_risk.md,policy/garbage_collection_in_kubernetes.md,Kubernetes,alias,
risk/time_skew_risk.md,entity/job.md,Job,title,
entity/job.md,entity/ttl_after_finished_controller.md,TTL-after-finished controller,title,
procedure/writing_a_custom_controller.md,pattern/kubernetes_controller_pattern.md,controller,alias,
resource/specttlsecondsafterfinished_field.md,metric/ttl_seconds.md,TTL seconds,title,
resource/specttlsecondsafterfinished_field.md,entity/job.md,Job,title,
procedure/using_a_mutating_admission_webhook.md,entity/job.md,Job,title,
procedure/detecting_job_status_changes.md,resource/status_field.md,job status,alias,
procedure/detecting_job_status_changes.md,concept/owner_references_and_labels.md,labels,alias,
procedure/detecting_job_status_changes.md,entity/job.md,Job,title,
resource/status_field.md,concept/owner_references_and_labels.md,labels,alias,
resource/status_field.md,entity/job.md,Job,title,
resource/specttlsecondsafterfinished_field_of_existing_jobs.md,entity/job.md,job,title,
definition/podgroup.md,entity/podgroup.md,group of Pods,alias,
definition/podgroup.md,entity/container_runtime_1.md,runtime,alias,
entity/podgroup_api_resource.md,entity/api_group.md,scheduling.k8s.io/v1alpha2,alias,
entity/podgroup_api_resource.md,definition/api_group_resource_type_namespace_and_name.md,API group,alias,
entity/podgroup_api_resource.md,definition/podgroup.md,PodGroup,title,
entity/podgroup_api_resource.md,resource/cluster_resources.md,resource,alias,
procedure/creating_a_podgroup.md,entity/api_group.md,scheduling.k8s.io/v1alpha2,alias,
procedure/creating_a_podgroup.md,definition/gang_scheduling_policy.md,gang scheduling policy,title,
procedure/creating_a_podgroup.md,definition/api_group_resource_type_namespace_and_name.md,API group,alias,
procedure/creating_a_podgroup.md,definition/podgroup.md,PodGroup,title,
procedure/creating_a_podgroup.md,definition/kubernetes_cluster_architecture.md,Pods,alias,
metric/podgroupscheduled_condition.md,decision/scheduling_decision.md,scheduling decision,title,
metric/podgroupscheduled_condition.md,condition/quorum_condition.md,condition,alias,
metric/podgroupscheduled_condition.md,definition/kubernetes_cluster_architecture.md,Pods,alias,
procedure/requesting_dra_devices_for_a_podgroup.md,entity/resourceclaim.md,Resource Allocation,alias,
procedure/requesting_dra_devices_for_a_podgroup.md,definition/podgroup.md,PodGroup,title,
procedure/requesting_dra_devices_for_a_podgroup.md,definition/kubernetes_cluster_architecture.md,Pods,alias,
entity/resourceclaim.md,definition/podgroup.md,PodGroup,title,
entity/resourceclaim.md,definition/kubernetes_cluster_architecture.md,Pods,alias,
procedure/understanding_the_relationship_between_controllers_workloads.md,policy/scheduling_policies_in_kube_scheduler.md,scheduling policies,alias,
procedure/understanding_the_relationship_between_controllers_workloads.md,template/podgrouptemplates.md,PodGroupTemplates,title,
procedure/understanding_the_relationship_between_controllers_workloads.md,pattern/kubernetes_controller_pattern.md,controllers,alias,
procedure/understanding_the_relationship_between_controllers_workloads.md,entity/workload.md,workload,title,
procedure/understanding_the_relationship_between_controllers_workloads.md,definition/kubernetes_cluster_architecture.md,Pods,alias,
procedure/understanding_the_gang_scheduling_algorithm.md,definition/gang_scheduling_policy.md,gang scheduling policy,title,
procedure/understanding_the_gang_scheduling_algorithm.md,procedure/gang_scheduling.md,gang scheduling,title,
procedure/understanding_the_gang_scheduling_algorithm.md,definition/kubernetes_cluster_architecture.md,Pods,alias,
entity/workload_api_1.md,template/podgrouptemplates.md,PodGroupTemplates,title,
entity/workload_api_1.md,entity/workload.md,long-lived policy,alias,
entity/workload_api_1.md,entity/workload_api.md,Workload API,title,
entity/workload_api_1.md,entity/container_runtime_1.md,runtime,alias,
procedure/understanding_the_podgroup_lifecycle.md,concept/scheduling.md,scheduling,title,
procedure/understanding_the_podgroup_lifecycle.md,policy/podgroup_ownership_and_lifecycle.md,lifecycle,alias,
procedure/understanding_the_podgroup_lifecycle.md,definition/podgroup.md,PodGroup,title,
procedure/understanding_the_podgroup_lifecycle.md,concept/pod_definition.md,process,alias,
procedure/understanding_how_pods_reference_their_podgroup.md,concept/workload_placement.md,scheduling policy,alias,
procedure/understanding_how_pods_reference_their_podgroup.md,definition/podgroup.md,PodGroup,title,
procedure/understanding_how_pods_reference_their_podgroup.md,definition/kubernetes_cluster_architecture.md,Pods,alias,
procedure/understanding_limitations_of_podgroups.md,decision/scheduling_decision.md,scheduling decision,title,
procedure/understanding_limitations_of_podgroups.md,condition/quorum_condition.md,condition,alias,
procedure/understanding_limitations_of_podgroups.md,definition/kubernetes_cluster_architecture.md,Pods,alias,
procedure/understanding_how_to_use_podgroups_with_custom_controllers.md,policy/scheduling_policies_in_kube_scheduler.md,scheduling policies,alias,
procedure/understanding_how_to_use_podgroups_with_custom_controllers.md,deployment/running_kubernetes_controllers.md,Custom controllers,alias,
procedure/understanding_how_to_use_podgroups_with_custom_controllers.md,template/podgrouptemplates.md,PodGroupTemplates,title,
procedure/understanding_how_to_use_podgroups_with_custom_controllers.md,definition/podgroup.md,PodGroup,title,
procedure/understanding_how_to_use_podgroups_with_custom_controllers.md,entity/workload.md,workload,title,
policy/podgroup_ownership_and_lifecycle.md,procedure/configuring_owner_relationships_manually.md,ownerReferences,alias,
policy/podgroup_ownership_and_lifecycle.md,pattern/kubernetes_controller_pattern.md,controller,alias,
policy/podgroup_ownership_and_lifecycle.md,definition/podgroup.md,PodGroup,title,
policy/podgroup_ownership_and_lifecycle.md,entity/workload.md,workload,title,
procedure/creation_ordering_of_objects.md,concept/workload_placement.md,scheduling policy,alias,
procedure/creation_ordering_of_objects.md,pattern/kubernetes_controller_pattern.md,Controllers,alias,
procedure/creation_ordering_of_objects.md,definition/podgroup.md,PodGroup,title,
procedure/creation_ordering_of_objects.md,entity/workload.md,Workload,title,
procedure/creation_ordering_of_objects.md,entity/podgrouptemplate.md,template,alias,
procedure/creation_ordering_of_objects.md,entity/container_runtime_1.md,runtime,alias,
procedure/creation_ordering_of_objects.md,definition/kubernetes_cluster_architecture.md,Pods,alias,
rule/referencing_non_existent_podgroups.md,concept/scheduling.md,scheduling,title,
rule/referencing_non_existent_podgroups.md,definition/podgroup.md,PodGroup,title,
policy/deletion_protection_of_podgroups.md,rule/referencing_non_existent_podgroups.md,referencing,alias,
policy/deletion_protection_of_podgroups.md,procedure/using_finalizers_in_kubernetes.md,finalizer,alias,
policy/deletion_protection_of_podgroups.md,definition/podgroup.md,PodGroup,title,
policy/deletion_protection_of_podgroups.md,definition/kubernetes_cluster_architecture.md,Pods,alias,
procedure/controller_managed_and_user_managed_podgroups.md,pattern/kubernetes_controller_pattern.md,controllers,alias,
procedure/controller_managed_and_user_managed_podgroups.md,entity/workload.md,workload,title,
procedure/controller_managed_and_user_managed_podgroups.md,entity/job.md,Job,title,
limitation/same_scheduler_name_for_all_pods_in_a_group.md,definition/podgroup.md,PodGroup,title,
limitation/same_scheduler_name_for_all_pods_in_a_group.md,definition/kubernetes_cluster_architecture.md,Pods,alias,
limitation/immutable_minimum_pod_count_for_gang_scheduling.md,definition/podgroup.md,PodGroup,title,
limitation/immutable_minimum_pod_count_for_gang_scheduling.md,metric/mincount.md,minCount,title,
limitation/immutable_minimum_pod_count_for_gang_scheduling.md,definition/kubernetes_cluster_architecture.md,Pods,alias,
limitation/immutable_scheduling_group_field_on_pods.md,definition/podgroup.md,PodGroup,title,
metric/podgroupscheduled_condition_1.md,concept/scheduling.md,scheduling,title,
metric/podgroupscheduled_condition_1.md,condition/quorum_condition.md,condition,alias,
metric/podgroupscheduled_condition_1.md,definition/kubernetes_cluster_architecture.md,Pods,alias,
policy/priority_classes.md,metric/priority_value.md,integer priority,alias,
policy/priority_classes.md,entity/priorityclass.md,priority class,alias,
policy/priority_classes.md,definition/api_group_resource_type_namespace_and_name.md,name,alias,
procedure/defining_a_priority_class.md,metric/priority_value.md,integer priority,alias,
procedure/defining_a_priority_class.md,entity/priorityclass.md,PriorityClass,title,
procedure/defining_a_priority_class.md,definition/api_group_resource_type_namespace_and_name.md,name,alias,
policy/built_in_priority_classes.md,policy/garbage_collection_in_kubernetes.md,Kubernetes,alias,
policy/built_in_priority_classes.md,entity/node.md,node,title,
procedure/specify_pod_priority_using_a_priority_class.md,entity/priorityclass.md,PriorityClass,title,
procedure/specify_pod_priority_using_a_priority_class.md,policy/priority_classes.md,pod priority,alias,
procedure/specify_pod_priority_using_a_priority_class.md,definition/api_group_resource_type_namespace_and_name.md,name,alias,
entity/runtime_class.md,entity/container_runtime.md,container runtime,title,
entity/runtime_class.md,definition/kubernetes_node_components_overview.md,container runtime,alias,
entity/runtime_class.md,entity/runtimeclass.md,RuntimeClass,title,
procedure/defining_a_runtime_class.md,entity/runtimeclass.md,RuntimeClass,title,
procedure/defining_a_runtime_class.md,concept/runtimeclass_resource.md,handler,alias,
procedure/defining_a_runtime_class.md,definition/api_group_resource_type_namespace_and_name.md,name,alias,
procedure/specify_pod_runtime_using_a_runtime_class.md,entity/runtimeclass.md,RuntimeClass,title,
procedure/specify_pod_runtime_using_a_runtime_class.md,entity/container_runtime_1.md,runtime,alias,
procedure/specify_pod_runtime_using_a_runtime_class.md,definition/api_group_resource_type_namespace_and_name.md,name,alias,
policy/node_selectors.md,concept/scheduling.md,node selection,alias,
policy/node_selectors.md,definition/kubernetes_cluster_architecture.md,nodes,alias,
procedure/specify_node_selectors_for_a_pod.md,policy/node_selectors.md,node selectors,title,
procedure/specify_node_selectors_for_a_pod.md,definition/owner_references_vs_labels_and_selectors.md,selectors,alias,
procedure/specify_node_selectors_for_a_pod.md,entity/node.md,node,title,
procedure/configure_node_affinity_for_a_pod.md,entity/node.md,node,title,
procedure/configure_node_affinity_for_a_pod.md,entity/worker_node.md,node,alias,
procedure/configure_tolerations_for_a_pod.md,procedure/configure_node_selector_and_tolerations.md,tolerations,alias,
procedure/configure_pod_overhead.md,policy/pod_overhead_accounting.md,pod overhead,alias,
definition/workload_api_resource.md,entity/podgroup_api_resource.md,API resource,alias,
definition/workload_api_resource.md,pattern/kubernetes_controller_pattern.md,controllers,alias,
definition/workload_api_resource.md,concept/scheduling.md,scheduling,title,
definition/workload_api_resource.md,entity/workload.md,Workload,title,
definition/workload_api_resource.md,entity/container_runtime_1.md,runtime,alias,
definition/workload_api_resource.md,definition/kubernetes_cluster_architecture.md,Pods,alias,
definition/workload_api_resource.md,entity/job.md,Job,title,
entity/workload.md,policy/scheduling_policies_in_kube_scheduler.md,scheduling policies,alias,
entity/workload.md,entity/podgrouptemplate.md,template,alias,
entity/workload.md,entity/container_runtime_1.md,runtime,alias,
entity/workload.md,definition/kubernetes_cluster_architecture.md,Pods,alias,
procedure/creating_a_workload.md,entity/api_group.md,scheduling.k8s.io/v1alpha2,alias,
procedure/creating_a_workload.md,definition/api_group_resource_type_namespace_and_name.md,API group,alias,
procedure/creating_a_workload.md,entity/workload.md,Workload,title,
entity/podgrouptemplate.md,template/podgrouptemplates.md,podGroupTemplates,title,
entity/podgrouptemplate.md,concept/workload_placement.md,scheduling policy,alias,
entity/podgrouptemplate.md,definition/api_group_resource_type_namespace_and_name.md,name,alias,
procedure/referencing_a_workload_controlling_object.md,entity/workload.md,Workload,title,
procedure/referencing_a_workload_controlling_object.md,entity/job.md,Job,title,
procedure/gang_scheduling_with_jobs.md,component/kube_controller_manager.md,Job controller,alias,
procedure/gang_scheduling_with_jobs.md,definition/podgroup.md,PodGroup,title,
procedure/gang_scheduling_with_jobs.md,entity/workload.md,Workload,title,
definition/gang_scheduling_policy.md,policy_type/gang_policy.md,gang policy,title,
definition/gang_scheduling_policy.md,metric/mincount.md,minCount,title,
definition/gang_scheduling_policy.md,definition/kubernetes_cluster_architecture.md,nodes,alias,
definition/gang_scheduling_policy.md,entity/job.md,Job,title,
procedure/creating_a_podgroup_from_a_workload.md,concept/workload_placement.md,scheduling policy,alias,
procedure/creating_a_podgroup_from_a_workload.md,pattern/kubernetes_controller_pattern.md,controller,alias,
procedure/creating_a_podgroup_from_a_workload.md,definition/podgroup.md,PodGroup,title,
procedure/creating_a_podgroup_from_a_workload.md,entity/workload.md,workload,title,
procedure/modifying_a_workload.md,template/podgrouptemplates.md,podGroupTemplates,title,
procedure/modifying_a_workload.md,entity/workload.md,Workload,title,
metric/maximum_number_of_pods_in_a_podgroup.md,definition/podgroup.md,podgroup,title,
metric/maximum_number_of_pods_in_a_podgroup.md,definition/kubernetes_cluster_architecture.md,pods,alias,
procedure/observability_and_tooling_with_workloads.md,procedure/observability_and_runtime_security.md,observability,alias,
procedure/observability_and_tooling_with_workloads.md,entity/workload.md,Workload,title,
procedure/using_gang_scheduling_with_jobs.md,component/kube_controller_manager.md,Job controller,alias,
procedure/using_gang_scheduling_with_jobs.md,definition/podgroup.md,PodGroup,title,
procedure/using_gang_scheduling_with_jobs.md,entity/workload.md,Workload,title,
policy/disruption_mode_types.md,policy/workload_aware_preemption_policy.md,workload-aware preemption,alias,
policy/disruption_mode_types.md,definition/podgroup.md,PodGroup,title,
procedure/disrupting_a_pod_in_pod_mode.md,definition/podgroup.md,PodGroup,title,
procedure/disrupting_a_pod_in_pod_mode.md,definition/kubernetes_cluster_architecture.md,Pods,alias,
procedure/disrupting_a_pod_in_pod_mode.md,definition/disruption_mode.md,mode,alias,
procedure/disrupting_a_pod_group.md,definition/podgroup.md,PodGroup,title,
procedure/disrupting_a_pod_group.md,definition/kubernetes_cluster_architecture.md,pods,alias,
procedure/disrupting_a_pod_group.md,definition/disruption_mode.md,mode,alias,
policy/priority_admission_controller.md,entity/priorityclass.md,priority class,alias,
policy/priority_admission_controller.md,pattern/kubernetes_controller_pattern.md,controller,alias,
policy/priority_admission_controller.md,definition/podgroup.md,PodGroup,title,
procedure/setting_priority_for_a_pod_group.md,entity/priorityclass.md,PriorityClass,title,
procedure/setting_priority_for_a_pod_group.md,definition/podgroup.md,PodGroup,title,
metric/priority_value.md,policy/workload_aware_preemption_policy.md,workload-aware preemption,alias,
metric/priority_value.md,definition/podgroup.md,PodGroup,title,
metric/priority_value.md,definition/kubernetes_cluster_architecture.md,pods,alias,
entity/priorityclass.md,definition/podgroup.md,PodGroup,title,
procedure/using_the_default_priority_class.md,entity/priorityclass.md,PriorityClass,title,
procedure/using_the_default_priority_class.md,policy/garbage_collection_in_kubernetes.md,Kubernetes,alias,
procedure/using_the_default_priority_class.md,definition/podgroup.md,PodGroup,title,
procedure/resolving_priority_for_a_pod_group.md,policy/priority_admission_controller.md,priority admission controller,title,
procedure/resolving_priority_for_a_pod_group.md,definition/podgroup.md,PodGroup,title,
metric/priority_zero.md,entity/priorityclass.md,PriorityClass,title,
metric/priority_zero.md,definition/podgroup.md,PodGroup,title,
policy/podgroup_scheduling_policies.md,concept/workload_placement.md,scheduling policy,alias,
policy/podgroup_scheduling_policies.md,definition/podgroup.md,PodGroup,title,
policy/podgroup_scheduling_policies.md,definition/kubernetes_cluster_architecture.md,Pods,alias,
policy_type/basic_policy.md,definition/podgroup.md,PodGroup,title,
policy_type/basic_policy.md,definition/kubernetes_cluster_architecture.md,Pods,alias,
policy_type/gang_policy.md,concept/scheduling.md,scheduling,title,
field/mincount_field.md,metric/mincount.md,minCount,title,
field/mincount_field.md,definition/kubernetes_cluster_architecture.md,Pods,alias,
template/podgrouptemplates.md,policy/scheduling_policies_in_kube_scheduler.md,scheduling policies,alias,
template/podgrouptemplates.md,entity/workload_api.md,Workload API,title,
template/podgrouptemplates.md,pattern/kubernetes_controller_pattern.md,controller,alias,
template/podgrouptemplates.md,definition/podgroup.md,PodGroup,title,
template/podgrouptemplates.md,entity/workload.md,workload,title,
template/podgrouptemplates.md,entity/podgrouptemplate.md,template,alias,
method/setting_policies_via_podgrouptemplates.md,definition/podgroup.md,PodGroup,title,
method/setting_policies_via_podgrouptemplates.md,entity/workload.md,Workload,title,
policy/topology_aware_scheduling.md,entity/topology_domain.md,topology domain,title,
policy/topology_aware_scheduling.md,entity/workload_api.md,Workload API,title,
policy/topology_aware_scheduling.md,concept/scheduling.md,Scheduling,title,
policy/topology_aware_scheduling.md,definition/podgroup.md,PodGroup,title,
policy/topology_aware_scheduling.md,definition/kubernetes_cluster_architecture.md,pods,alias,
procedure/topology_aware_scheduling_with_gang_scheduling_policy.md,concept/workload_placement.md,scheduling policy,alias,
procedure/topology_aware_scheduling_with_gang_scheduling_policy.md,entity/topology_domain.md,topology domain,title,
procedure/topology_aware_scheduling_with_gang_scheduling_policy.md,definition/podgroup.md,group of pods,alias,
procedure/topology_aware_scheduling_with_gang_scheduling_policy.md,metric/mincount.md,minCount,title,
procedure/topology_aware_scheduling_with_gang_scheduling_policy.md,definition/kubernetes_cluster_architecture.md,pods,alias,
procedure/topology_aware_scheduling_with_basic_scheduling_policy.md,policy/podgroup_scheduling_cycle.md,PodGroup scheduling cycle,title,
procedure/topology_aware_scheduling_with_basic_scheduling_policy.md,concept/workload_placement.md,scheduling policy,alias,
procedure/topology_aware_scheduling_with_basic_scheduling_policy.md,definition/podgroup.md,PodGroup,title,
procedure/topology_aware_scheduling_with_basic_scheduling_policy.md,definition/kubernetes_cluster_architecture.md,pods,alias,
entity/podgroup.md,procedure/api_configuration_scheduling_constraints.md,scheduling constraints,alias,
entity/podgroup.md,definition/podgroup.md,group of pods,alias,
metric/mincount.md,entity/topology_domain.md,topology domain,title,
metric/mincount.md,definition/kubernetes_cluster_architecture.md,pods,alias,
entity/topology_domain.md,metric/cluster_wide_domain.md,domain,alias,
entity/topology_domain.md,definition/kubernetes_cluster_architecture.md,nodes,alias,
procedure/api_configuration_scheduling_constraints.md,procedure/understanding_the_gang_scheduling_algorithm.md,scheduling algorithm,alias,
procedure/api_configuration_scheduling_constraints.md,entity/podgrouptemplate.md,PodGroupTemplate,title,
procedure/api_configuration_scheduling_constraints.md,definition/podgroup.md,PodGroup,title,
entity/topology_constraint.md,entity/topology_domain.md,topology domain,title,
entity/topology_constraint.md,concept/scheduling.md,pod placement,alias,
entity/topology_constraint.md,policy/garbage_collection_in_kubernetes.md,Kubernetes,alias,
entity/topology_constraint.md,metric/cluster_wide_domain.md,domain,alias,
entity/topology_constraint.md,entity/node.md,node,title,
procedure/defining_topology_constraints.md,entity/topology_constraint.md,topology constraint,title,
procedure/defining_topology_constraints.md,entity/topology_domain.md,topology domain,title,
procedure/defining_topology_constraints.md,policy/garbage_collection_in_kubernetes.md,Kubernetes,alias,
procedure/defining_topology_constraints.md,definition/podgroup.md,PodGroup,title,
procedure/defining_topology_constraints.md,entity/node.md,node,title,
procedure/scheduling_gates.md,process/podgroup_scheduling_process.md,PodGroup scheduling,alias,
procedure/scheduling_gates.md,concept/scheduling.md,scheduling,title,
procedure/scheduling_gates.md,policy/kubernetes_scheduling_overview.md,scheduling,alias,
procedure/scheduling_gates.md,definition/podgroup.md,PodGroup,title,
procedure/scheduling_gates.md,queue/unschedulable_queue.md,queue,alias,
procedure/scheduling_gates.md,definition/kubernetes_cluster_architecture.md,pods,alias,
