arm,ablation,link_mode,qid,question,gold_answer,hop_type,gold_concepts,answer,retrieved_ids,n_units,n_seed,n_expanded,expansion_status,context_tokens,retrieve_s,generate_s,abstained,em,f1,retrieval_recall,citation_valid,judge_label,hallucination,human_label,human_notes
chunk,full,alias,Q001,What are the two major parts of a Kubernetes cluster?,A Kubernetes cluster consists of a control plane and one or more worker nodes.,single,architecture.md,A Kubernetes cluster is composed of two major parts: the control plane and one or more worker nodes. SOURCES: [overview__components.md#chunk0],overview__components.md#chunk0|architecture__controller.md#chunk2|architecture.md#chunk3|overview.md#chunk4,4,4,0,not_applicable,1469,0.0159,0.6719,0,0,0.7857142857142857,1.0,1.0,supported,0,supported,
chunk,full,alias,Q002,Which component makes global scheduling decisions for a Kubernetes cluster?,The control plane is responsible for making global scheduling decisions.,single,architecture.md,"The kube‑scheduler component makes the global scheduling decisions for a Kubernetes cluster, selecting suitable nodes for Pods that are not yet bound. SOURCES: [scheduling-eviction__kube-scheduler.md#chunk0], [overview__components.md#chunk0]",scheduling-eviction__kube-scheduler.md#chunk0|overview__components.md#chunk0|scheduling-eviction__podgroup-scheduling.md#chunk0,3,3,0,not_applicable,1790,0.0115,1.0303,0,0,0.2857142857142857,0.0,1.0,supported,0,,
chunk,full,alias,Q003,Which Kubernetes component stores all API server data?,etcd is the consistent and highly available key-value store for all API server data.,single,overview__components.md,"The component that stores all API server data is **etcd**, a consistent and highly‑available key‑value store. SOURCES: [overview__components.md#chunk0]",overview__components.md#chunk0|overview.md#chunk2|overview__kubectl.md#chunk0,3,3,0,not_applicable,1790,0.0114,2.9949,0,0,0.7407407407407408,1.0,1.0,supported,0,,
chunk,full,alias,Q004,What is the primary responsibility of the kube-scheduler?,The kube-scheduler assigns unscheduled Pods to suitable Nodes.,single,scheduling-eviction__kube-scheduler.md,"The kube‑scheduler’s primary responsibility is to select an optimal Node for each newly created or unscheduled Pod, filtering out nodes that don’t meet the Pod’s requirements and then scoring the feasible nodes to choose the best placement. SOURCES: [scheduling-eviction__kube-scheduler.md#chunk0], [scheduling-eviction__kube-scheduler.md#chunk1]",scheduling-eviction__kube-scheduler.md#chunk0|scheduling-eviction__kube-scheduler.md#chunk1|scheduling-eviction__podgroup-scheduling.md#chunk0,3,3,0,not_applicable,1745,0.0138,14.0274,0,0,0.2051282051282051,1.0,1.0,supported,0,supported,
chunk,full,alias,Q005,Which component ensures that Pods are running on every node?,The kubelet ensures that Pods and their containers are running on each node.,single,overview__components.md,"The **kubelet** component ensures that Pods are running on each node.  
SOURCES: [overview__components.md#chunk0]",workloads__pods__advanced-pod-config.md#chunk2|overview__components.md#chunk0|workloads.md#chunk0,3,3,0,not_applicable,1635,0.0115,14.9307,0,0,0.8181818181818182,1.0,1.0,supported,0,supported,
okf,full,alias,Q001,What are the two major parts of a Kubernetes cluster?,A Kubernetes cluster consists of a control plane and one or more worker nodes.,single,architecture.md,A Kubernetes cluster is composed of two major parts: the control plane and the set of worker nodes (machines). [SOURCES: /definition/kubernetes_cluster_architecture.md],entity/kubernetes_components.md|definition/kubernetes_architecture.md|definition/kubernetes_cluster_architecture.md|guide/managing_kubernetes_clusters.md|guide/planning_kubernetes_clusters.md|entity/node.md|resource/cluster_resources.md|policy/garbage_collection_in_kubernetes.md|definition/kubernetes_distros.md,9,5,4,expanded,1244,0.0148,8.9604,0,0,0.5714285714285715,1.0,1.0,supported,0,supported,
okf,full,alias,Q002,Which component makes global scheduling decisions for a Kubernetes cluster?,The control plane is responsible for making global scheduling decisions.,single,architecture.md,"The kube‑scheduler component makes the global scheduling decisions for a Kubernetes cluster, selecting the optimal node for newly created or unscheduled Pods. SOURCES: [/policy/kubernetes_scheduling_overview.md], [/procedure/kube_scheduler_selection_process.md]",policy/kubernetes_scheduling_overview.md|procedure/scheduling_with_workload_aware_preemption.md|procedure/kube_scheduler_selection_process.md|definition/kubernetes_cluster_architecture.md|guide/managing_kubernetes_clusters.md|entity/node.md|concept/pod_definition.md|resource/cluster_resources.md|policy/garbage_collection_in_kubernetes.md,9,5,4,expanded,1060,0.0135,8.9857,0,0,0.2962962962962963,1.0,1.0,supported,0,,
okf,full,alias,Q003,Which Kubernetes component stores all API server data?,etcd is the consistent and highly available key-value store for all API server data.,single,overview__components.md,INSUFFICIENT CONTEXT,mechanism/api_server_control.md|policy/api_server_behavior_in_kubernetes.md|definition/api_group_resource_type_namespace_and_name.md|entity/kubernetes_api.md|entity/workload_api.md|policy/garbage_collection_in_kubernetes.md|procedure/deleting_resources_in_kubernetes.md|resource/cluster_resources.md|pattern/kubernetes_controller_pattern.md,9,5,4,expanded,1373,0.0172,12.888,1,0,0.0,0.0,,abstained,0,,
okf,full,alias,Q004,What is the primary responsibility of the kube-scheduler?,The kube-scheduler assigns unscheduled Pods to suitable Nodes.,single,scheduling-eviction__kube-scheduler.md,"The kube‑scheduler’s main job is to watch for newly created Pods that have no Node assigned and select the best (optimal) Node on which each Pod should run, using filtering and scoring steps. [SOURCES: /policy/kubernetes_scheduling_overview.md, /procedure/kube_scheduler_selection_process.md]",procedure/binding_in_kube_scheduler.md|policy/scheduling_policies_in_kube_scheduler.md|procedure/kube_scheduler_selection_process.md|policy/scheduling_profiles_in_kube_scheduler.md|procedure/filtering_step_in_kube_scheduler.md|policy/kubernetes_scheduling_overview.md|entity/node.md|definition/kubernetes_cluster_architecture.md|concept/pod_definition.md,9,5,4,expanded,907,0.0142,10.1586,0,0,0.1052631578947368,1.0,1.0,supported,0,supported,
okf,full,alias,Q005,Which component ensures that Pods are running on every node?,The kubelet ensures that Pods and their containers are running on each node.,single,overview__components.md,"The kubelet agent, which runs on each node, ensures that containers are running in a Pod on every node. SOURCES: [/definition/kubernetes_node_components_overview.md], [/entity/worker_node.md]",entity/worker_node.md|definition/kubernetes_node_components_overview.md|entity/daemonset.md|component/pod_network_cluster_network.md|procedure/workload_resource_management.md|entity/workload.md|definition/kubernetes_cluster_architecture.md|pattern/kubernetes_controller_pattern.md|entity/node.md,9,5,4,expanded,1197,0.0134,11.1149,0,0,0.6206896551724139,1.0,1.0,supported,0,supported,
chunk,full,alias,Q006,When is kube-proxy not required on a Kubernetes node?,kube-proxy is not required if the network plugin provides equivalent Service packet forwarding functionality.,single,architecture.md,"kube‑proxy is not required on a node when a network plugin supplies its own proxy implementation (i.e., a third‑party network plugin that handles Service routing), so the node can omit running kube‑proxy. SOURCES: [architecture.md#chunk0]",architecture.md#chunk0|services-networking__endpoint-slices.md#chunk3|overview__components.md#chunk0,3,3,0,not_applicable,1492,0.0134,2.6283,0,0,0.3414634146341463,1.0,1.0,supported,0,supported,
chunk,full,alias,Q007,Which namespace is typically used for Kubernetes addons?,Cluster addons are typically deployed in the kube-system namespace.,single,architecture.md,INSUFFICIENT CONTEXT,services-networking.md#chunk1|cluster-administration__networking.md#chunk1|extend-kubernetes__compute-storage-net__network-plugins.md#chunk0,3,3,0,not_applicable,1610,0.0123,0.6721,1,0,0.0,0.0,,abstained,0,abstained,
chunk,full,alias,Q008,What is the purpose of the Kubernetes Dashboard addon?,The Dashboard provides a web-based interface for managing and troubleshooting Kubernetes clusters.,single,architecture.md,"The Kubernetes Dashboard addon provides a general‑purpose, web‑based UI that lets users manage and troubleshoot applications running in the cluster as well as the cluster itself. SOURCES: [architecture.md#chunk2], [cluster-administration__addons.md#chunk2]",architecture.md#chunk2|cluster-administration__addons.md#chunk2|cluster-administration.md#chunk1|overview__kubectl.md#chunk0,4,4,0,not_applicable,1773,0.0135,1.726,0,0,0.3125,1.0,1.0,supported,0,supported,
chunk,full,alias,Q009,What does the cloud-controller-manager manage?,It runs controllers that integrate Kubernetes with the underlying cloud provider.,single,architecture__cloud-controller.md,"The cloud‑controller‑manager runs the cloud‑provider‑specific control loops – primarily the node controller (updates and health‑checks Node objects), the route controller (sets up cloud routes and IP blocks for pod networking) and the service controller (creates and manages cloud load balancers and related resources). SOURCES: [architecture__cloud-controller.md#chunk0], [architecture.md#chunk1]",architecture__cloud-controller.md#chunk0|architecture.md#chunk1|architecture.md#chunk3,3,3,0,not_applicable,1603,0.0128,1.1087,0,0,0.0851063829787234,1.0,1.0,supported,0,supported,
chunk,full,alias,Q010,Which controller in the cloud-controller-manager configures cloud routes?,The Route controller configures routes in the cloud infrastructure.,single,architecture__cloud-controller.md,"The **Route controller** in the cloud‑controller‑manager is responsible for configuring cloud routes. SOURCES: [architecture__cloud-controller.md#chunk1], [architecture.md#chunk1]",architecture__cloud-controller.md#chunk1|architecture.md#chunk1,2,2,0,not_applicable,1328,0.0132,0.8794,0,0,0.588235294117647,1.0,1.0,supported,0,supported,
chunk,full,alias,Q011,What does the Service controller in cloud-controller-manager configure?,It configures cloud load balancers and related infrastructure for Services.,single,architecture__cloud-controller.md,"The Service controller configures cloud‑infrastructure components for Services, such as managed load balancers, IP addresses, network packet‑filtering rules, and target health‑checking, by calling the cloud provider’s APIs. SOURCES: [architecture__cloud-controller.md#chunk0], [architecture__cloud-controller.md#chunk1]",architecture__cloud-controller.md#chunk1|architecture__cloud-controller.md#chunk0|architecture.md#chunk3,3,3,0,not_applicable,1607,0.0142,8.0995,0,0,0.4,1.0,1.0,supported,0,supported,
chunk,full,alias,Q012,Which Kubernetes object represents the desired state for a controller?,The spec field of a Kubernetes resource represents its desired state.,single,architecture__controller.md,"A controller’s desired state is expressed by the resource it watches—e.g., a Job object serves as the desired‑state object for the Job controller. SOURCES: [architecture__controller.md#chunk2]",architecture__controller.md#chunk2|architecture__cloud-controller.md#chunk0|overview__components.md#chunk0,3,3,0,not_applicable,1759,0.0126,14.0822,0,0,0.2222222222222222,1.0,1.0,supported,0,supported,
chunk,full,alias,Q013,What is the role of the Job controller?,The Job controller creates Pods to complete Jobs and updates the Job status when finished.,single,architecture__controller.md,"The Job controller watches Job objects and works to make the current state match the desired state by telling the API server to create or delete Pods that run the Job’s work, and it updates the Job object (e.g., marking it Finished) when the work is done. When the `WorkloadWithJob` feature gate is enabled, it also automatically creates the associated Workload and PodGroup objects for gang‑scheduling of parallel indexed Jobs. SOURCES: [architecture__controller.md#chunk0], [workloads__workload-api.md#chunk1]",architecture__controller.md#chunk0|architecture__controller.md#chunk1|workloads__workload-api.md#chunk1,3,3,0,not_applicable,1402,0.0128,11.0634,0,0,0.2972972972972972,1.0,1.0,supported,0,supported,
chunk,full,alias,Q014,What communication pattern does Kubernetes use between nodes and the control plane?,Kubernetes uses a hub-and-spoke API pattern where communication terminates at the API server.,single,architecture__control-plane-node-communication.md,"Kubernetes uses a “hub‑and‑spoke” API pattern: all communication from nodes (and the pods on them) goes to the API server, which acts as the central hub for the control plane. SOURCES: [architecture__control-plane-node-communication.md#chunk0]",architecture__control-plane-node-communication.md#chunk0|services-networking.md#chunk0|overview__components.md#chunk0,3,3,0,not_applicable,1705,0.0134,13.7371,0,0,0.4444444444444444,1.0,1.0,supported,0,supported,
chunk,full,alias,Q015,Which secure protocol do nodes use to communicate with the API server?,Nodes communicate with the API server over HTTPS.,single,architecture__control-plane-node-communication.md,"Nodes communicate with the API server over HTTPS (TLS‑secured HTTP) on the API server’s secure port (typically 443). SOURCES: [architecture__control-plane-node-communication.md#chunk0], [security__controlling-access.md#chunk0]",security__controlling-access.md#chunk0|architecture__control-plane-node-communication.md#chunk0|cluster-administration.md#chunk1,3,3,0,not_applicable,1437,0.0118,11.1059,0,0,0.6086956521739131,1.0,1.0,supported,0,,
chunk,full,alias,Q016,What is the default configuration file searched by kubectl?,kubectl looks for a config file in the $HOME/.kube directory.,single,overview__kubectl.md,kubectl by default looks for a file named `config` in the `$HOME/.kube` directory. SOURCES: [overview__kubectl.md#chunk0],overview__kubectl.md#chunk0|overview__components.md#chunk0|cluster-administration__addons.md#chunk2|cluster-administration.md#chunk1,4,4,0,not_applicable,1611,0.0141,12.9028,0,0,0.8421052631578948,1.0,1.0,supported,0,supported,
chunk,full,alias,Q017,What command is recommended for declarative Kubernetes resource management?,kubectl apply is recommended for declarative resource management.,single,overview__kubectl.md,"For declarative resource management, use `kubectl apply` with version‑controlled configuration files. SOURCES: overview__kubectl.md#chunk1",overview__kubectl.md#chunk1|overview.md#chunk1|overview__components.md#chunk0,3,3,0,not_applicable,1648,0.0116,11.8217,0,0,0.631578947368421,1.0,1.0,supported,0,supported,
chunk,full,alias,Q018,What unique identifier is guaranteed to be unique across the entire Kubernetes cluster?,The UID is unique across the entire Kubernetes cluster.,single,overview__working-with-objects__names.md,The UID (universally unique identifier) of a Kubernetes object is guaranteed to be unique across the entire cluster. SOURCES: [overview__working-with-objects__names.md#chunk0],overview__working-with-objects__names.md#chunk0|overview__working-with-objects__owners-dependents.md#chunk0|overview__working-with-objects__names.md#chunk1,3,3,0,not_applicable,1750,0.0145,14.2601,0,0,0.6363636363636364,1.0,1.0,supported,0,supported,
chunk,full,alias,Q019,Which field allows Kubernetes to generate a resource name automatically?,The generateName field allows the server to generate a resource name.,single,overview__working-with-objects__names.md,Kubernetes will automatically generate a name when the `generateName` field is provided in a resource’s manifest; the server uses the given prefix and appends a unique suffix. SOURCES: [overview__working-with-objects__names.md#chunk0],overview__working-with-objects__names.md#chunk0|overview__working-with-objects__names.md#chunk1|overview__working-with-objects__owners-dependents.md#chunk0,3,3,0,not_applicable,1750,0.0147,14.1832,0,0,0.3448275862068965,1.0,1.0,supported,0,supported,
chunk,full,alias,Q020,What field stores owner information for dependent Kubernetes objects?,The metadata.ownerReferences field stores references to the owner object.,single,overview__working-with-objects__owners-dependents.md,"Dependent objects store owner information in the `metadata.ownerReferences` field. SOURCES: [overview__working-with-objects__owners-dependents.md#chunk0], [architecture__garbage-collection.md#chunk0]",overview__working-with-objects__owners-dependents.md#chunk0|architecture__garbage-collection.md#chunk0,2,2,0,not_applicable,1337,0.0138,10.8557,0,0,0.3999999999999999,1.0,1.0,supported,0,supported,
chunk,full,alias,Q021,What Kubernetes mechanism is responsible for cleaning up terminated Pods and completed Jobs?,Garbage Collection is responsible for cleaning up terminated Pods and completed Jobs.,single,architecture__garbage-collection.md,Kubernetes uses its **garbage‑collection** mechanism to clean up resources such as terminated Pods and completed Jobs. SOURCES: [architecture__garbage-collection.md#chunk0],architecture__garbage-collection.md#chunk0|workloads__controllers__ttlafterfinished.md#chunk0|workloads__controllers__ttlafterfinished.md#chunk1,3,3,0,not_applicable,1518,0.0142,11.9599,0,0,0.4285714285714285,1.0,1.0,supported,0,,
chunk,full,alias,Q022,What are owner references used for in Kubernetes?,Owner references identify dependent objects so Kubernetes can clean them up when the owner is deleted.,single,architecture__garbage-collection.md,"Owner references are metadata fields that link a dependent object to its owning object, enabling the control plane and other components to identify which resources depend on others so they can be cleaned up (e.g., via garbage collection or cascading deletion) and to prevent unrelated parts of the system from interfering with those objects. SOURCES: [overview__working-with-objects__owners-dependents.md#chunk0], [architecture__garbage-collection.md#chunk0]",overview__working-with-objects__owners-dependents.md#chunk0|architecture__garbage-collection.md#chunk0,2,2,0,not_applicable,1337,0.0144,11.1009,0,0,0.2424242424242424,1.0,1.0,supported,0,,
chunk,full,alias,Q023,What are the two types of cascading deletion supported by Kubernetes?,Foreground cascading deletion and Background cascading deletion.,single,architecture__garbage-collection.md,"There are two types of cascading deletion: Foreground cascading deletion and Background cascading deletion.

SOURCES: [architecture__garbage-collection.md#chunk1], [architecture__garbage-collection.md#chunk0]",architecture__garbage-collection.md#chunk1|architecture__garbage-collection.md#chunk0,2,2,0,not_applicable,1360,0.0142,78.7943,0,0,0.6666666666666666,1.0,1.0,supported,0,supported,
chunk,full,alias,Q024,"During foreground cascading deletion, what field is added to an object to indicate deletion has begun?",The metadata.deletionTimestamp field is added.,single,architecture__garbage-collection.md,"The `metadata.deletionTimestamp` field is set to the time the object was marked for deletion.

SOURCES: [architecture__garbage-collection.md#chunk1], [overview__working-with-objects__finalizers.md#chunk0]",architecture__garbage-collection.md#chunk1|overview__working-with-objects__finalizers.md#chunk0,2,2,0,not_applicable,1347,0.0148,41.2585,0,0,0.3999999999999999,1.0,1.0,supported,0,,
chunk,full,alias,Q025,How often does the kubelet perform garbage collection for unused container images by default?,Every five minutes.,single,architecture__garbage-collection.md,"The kubelet performs garbage collection on unused images every five minutes.

SOURCES: [architecture__garbage-collection.md#chunk2]",architecture__garbage-collection.md#chunk2|architecture__garbage-collection.md#chunk3|scheduling-eviction__pod-overhead.md#chunk1,3,3,0,not_applicable,1762,0.0144,88.7163,0,0,0.4615384615384615,1.0,1.0,supported,0,supported,
chunk,full,alias,Q026,What kubelet configuration field specifies the maximum time an unused image can remain before garbage collection?,imageMaximumGCAge.,single,architecture__garbage-collection.md,"The `imageMaximumGCAge` field in the kubelet configuration file specifies the maximum time a local image can be unused for, regardless of disk usage. This value is specified as a Kubernetes duration.

SOURCES: [architecture__garbage-collection.md#chunk2], [architecture__garbage-collection.md#chunk3]",architecture__garbage-collection.md#chunk2|architecture__garbage-collection.md#chunk3|overview__working-with-objects__owners-dependents.md#chunk1,3,3,0,not_applicable,1683,0.0126,38.2823,0,0,0.074074074074074,1.0,1.0,supported,0,supported,
chunk,full,alias,Q027,What is the purpose of Kubernetes finalizers?,Finalizers delay deletion until specific cleanup tasks have been completed.,single,overview__working-with-objects__finalizers.md,"Finalizers are used to control garbage collection of objects by alerting controllers to perform specific cleanup tasks before deleting the target resource.

SOURCES: [overview__working-with-objects__finalizers.md#chunk0], [overview__working-with-objects__finalizers.md#chunk1]",overview__working-with-objects__finalizers.md#chunk1|architecture__controller.md#chunk2|overview__working-with-objects__finalizers.md#chunk0,3,3,0,not_applicable,1793,0.0123,96.5256,0,0,0.2580645161290322,1.0,1.0,supported,0,supported,
chunk,full,alias,Q028,Which metadata field stores the list of finalizers for a Kubernetes object?,metadata.finalizers.,single,overview__working-with-objects__finalizers.md,"The `metadata.finalizers` field stores the list of finalizers for a Kubernetes object.

SOURCES: [overview__working-with-objects__finalizers.md#chunk0], [overview__working-with-objects__finalizers.md#chunk1]",overview__working-with-objects__finalizers.md#chunk1|overview__working-with-objects__finalizers.md#chunk0|overview__components.md#chunk0,3,3,0,not_applicable,1723,0.018,64.9009,0,0,0.1999999999999999,1.0,1.0,supported,0,supported,
chunk,full,alias,Q029,What HTTP status code does the API server return when a resource with finalizers is marked for deletion?,202 Accepted.,single,overview__working-with-objects__finalizers.md,"The API server returns a `202` status code (HTTP ""Accepted"") when a resource with finalizers is marked for deletion. 

SOURCES: [overview__working-with-objects__finalizers.md#chunk0]",overview__working-with-objects__finalizers.md#chunk0|overview__working-with-objects__finalizers.md#chunk1|overview__working-with-objects__owners-dependents.md#chunk1,3,3,0,not_applicable,1728,0.0134,87.1228,0,0,0.2222222222222222,1.0,1.0,supported,0,supported,
chunk,full,alias,Q030,Which built-in finalizer prevents accidental deletion of a PersistentVolume that is still in use?,kubernetes.io/pv-protection.,single,overview__working-with-objects__finalizers.md,"The `kubernetes.io/pv-protection` finalizer prevents accidental deletion of a PersistentVolume that is still in use.

SOURCES: [overview__working-with-objects__finalizers.md#chunk0], [overview__working-with-objects__owners-dependents.md#chunk1]",overview__working-with-objects__finalizers.md#chunk1|overview__working-with-objects__finalizers.md#chunk0|overview__working-with-objects__owners-dependents.md#chunk1,3,3,0,not_applicable,1728,0.0136,87.7736,0,0,0.1538461538461538,1.0,1.0,supported,0,,
chunk,full,alias,Q031,What is the purpose of RuntimeClass in Kubernetes?,RuntimeClass selects the container runtime configuration used to run a Pod.,single,containers__runtime-class.md,"The purpose of RuntimeClass in Kubernetes is to select the container runtime configuration and provide a balance of performance versus security by allowing different Pods to run with different settings or even different container runtimes.

SOURCES: [containers__runtime-class.md#chunk0], [containers__runtime-class.md#chunk2]",containers__runtime-class.md#chunk2|containers__runtime-class.md#chunk0|containers__runtime-class.md#chunk1|overview.md#chunk4,4,4,0,not_applicable,1530,0.0127,82.2012,0,0,0.2926829268292683,1.0,1.0,supported,0,supported,
chunk,full,alias,Q032,Which Pod specification field is used to select a RuntimeClass?,runtimeClassName.,single,containers__runtime-class.md,"The `runtimeClassName` field in the Pod spec is used to select a RuntimeClass.

SOURCES: [containers__runtime-class.md#chunk1], [containers__runtime-class.md#chunk0]",containers__runtime-class.md#chunk1|containers__runtime-class.md#chunk2|containers__runtime-class.md#chunk0|scheduling-eviction__pod-overhead.md#chunk2,4,4,0,not_applicable,1558,0.013,81.4464,0,0,0.1818181818181818,1.0,1.0,supported,0,supported,
chunk,full,alias,Q033,What happens if a Pod references a RuntimeClass that does not exist?,The Pod enters the Failed terminal phase.,single,containers__runtime-class.md,"If the named RuntimeClass does not exist, or the CRI cannot run the corresponding handler, the pod will enter the `Failed` terminal phase.

SOURCES: [containers__runtime-class.md#chunk1], [containers__runtime-class.md#chunk0]",containers__runtime-class.md#chunk1|containers__runtime-class.md#chunk0|containers__runtime-class.md#chunk2|scheduling-eviction__pod-overhead.md#chunk2,4,4,0,not_applicable,1558,0.0132,53.3421,0,0,0.3478260869565218,1.0,1.0,supported,0,,
chunk,full,alias,Q034,What is the primary purpose of a CNI plugin in Kubernetes?,A CNI plugin implements the Kubernetes networking model.,single,extend-kubernetes__compute-storage-net__network-plugins.md,"A CNI (Container Network Interface) plugin in Kubernetes is responsible for implementing the Kubernetes network model. It manages network and security capabilities by adding and removing network interfaces, among other features.

SOURCES: [extend-kubernetes__compute-storage-net__network-plugins.md#chunk0], [cluster-administration__networking.md#chunk1]",architecture.md#chunk2|extend-kubernetes__compute-storage-net__network-plugins.md#chunk0|cluster-administration__networking.md#chunk1,3,3,0,not_applicable,1678,0.0137,11.7941,0,0,0.2285714285714286,1.0,1.0,supported,0,supported,
chunk,full,alias,Q035,"Starting with Kubernetes 1.24, which component is no longer responsible for managing CNI plugins?",The kubelet is no longer responsible for managing CNI plugins.,single,extend-kubernetes__compute-storage-net__network-plugins.md,"The kubelet is no longer responsible for managing CNI plugins starting with Kubernetes 1.24.

SOURCES: [extend-kubernetes__compute-storage-net__network-plugins.md#chunk0]",architecture.md#chunk2|extend-kubernetes__compute-storage-net__network-plugins.md#chunk0|cluster-administration__networking.md#chunk1,3,3,0,not_applicable,1678,0.0148,9.2946,0,0,0.8181818181818181,1.0,1.0,supported,0,supported,
chunk,full,alias,Q036,Which interface must every Kubernetes container runtime provide for each Pod sandbox?,The loopback interface (lo).,single,extend-kubernetes__compute-storage-net__network-plugins.md,"The Container Network Interface (CNI) plugin is used by most common container runtimes to manage their network and security capabilities.

SOURCES: [cluster-administration__networking.md#chunk1], [cluster-administration__networking.md#chunk0]",services-networking.md#chunk1|cluster-administration__networking.md#chunk1|cluster-administration__networking.md#chunk0,3,3,0,not_applicable,1627,0.0124,78.6616,0,0,0.0909090909090909,0.0,1.0,supported,0,supported,
chunk,full,alias,Q037,What are the four networking problems identified in Kubernetes cluster networking?,"Container-to-container, Pod-to-Pod, Pod-to-Service, and External-to-Service communication.",single,cluster-administration__networking.md,"The four distinct networking problems to address in a Kubernetes cluster are:

1. Highly-coupled container-to-container communications
2. Pod-to-Pod communications
3. Pod-to-Service communications
4. External-to-Service communications

SOURCES: [cluster-administration__networking.md#chunk0]",cluster-administration__networking.md#chunk0|cluster-administration__addons.md#chunk2|services-networking.md#chunk0,3,3,0,not_applicable,1516,0.0168,77.3381,0,0,0.2758620689655172,1.0,1.0,supported,0,supported,
chunk,full,alias,Q038,Which Kubernetes component assigns IP addresses to Services?,The kube-apiserver assigns IP addresses to Services.,single,cluster-administration__networking.md,"The control plane updates the `.spec` for the Service to record the IP address assignments.

SOURCES: [services-networking__dual-stack.md#chunk2]",cluster-administration__networking.md#chunk1|services-networking.md#chunk0|services-networking__dual-stack.md#chunk2,3,3,0,not_applicable,1671,0.0122,85.6329,0,0,0.2352941176470588,1.0,1.0,supported,0,,
chunk,full,alias,Q039,Which IP family configurations are officially supported by Kubernetes clusters?,"IPv4-only, IPv6-only, and dual-stack (IPv4/IPv6 or IPv6/IPv4).",single,cluster-administration__networking.md,"Kubernetes supports dual-stack networking, which enables the allocation of both IPv4 and IPv6 addresses to Pods and Services. The supported features include dual-stack Pod networking, IPv4 and IPv6 enabled Services, and Pod off-cluster egress routing via both IPv4 and IPv6 interfaces.

SOURCES: cluster-administration__networking.md#chunk1, services-networking__dual-stack.md#chunk0",cluster-administration__networking.md#chunk1|services-networking__dual-stack.md#chunk0|services-networking__dual-stack.md#chunk1,3,3,0,not_applicable,1722,0.0178,89.5996,0,0,0.0869565217391304,1.0,1.0,supported,0,supported,
chunk,full,alias,Q040,Which Kubernetes feature automatically restarts failed containers according to the restartPolicy?,Kubernetes self-healing.,single,architecture__self-healing.md,"The kubelet ensures that containers are running, and restarts those that fail based on the `restartPolicy`.

SOURCES: [architecture__self-healing.md#chunk0], [workloads.md#chunk0]",architecture__self-healing.md#chunk0|workloads.md#chunk0|architecture__garbage-collection.md#chunk3,3,3,0,not_applicable,1561,0.0183,77.5399,0,0,0.0,1.0,1.0,supported,0,supported,
chunk,full,alias,Q041,Which Kubernetes controller is responsible for replacing failed Pods in a Deployment?,The Deployment controller (through ReplicaSets) creates replacement Pods to maintain the desired number of replicas.,single,architecture__self-healing.md,"The Deployment (via ReplicaSet) controller maintains the desired number of Pod replicas and replaces failed Pods.

SOURCES: [architecture.md#chunk1], [architecture__controller.md#chunk2]",architecture.md#chunk1|architecture__controller.md#chunk2|architecture__self-healing.md#chunk0,3,3,0,not_applicable,1744,0.0125,81.759,0,0,0.5185185185185186,1.0,1.0,supported,0,supported,
chunk,full,alias,Q042,Which Kubernetes component restarts failed containers according to restartPolicy?,The kubelet restarts failed containers based on the Pod's restartPolicy.,single,architecture__self-healing.md,"The kubelet restarts failed containers based on the `restartPolicy`.

SOURCES: [architecture__self-healing.md#chunk0]",architecture__self-healing.md#chunk0|architecture__garbage-collection.md#chunk3|workloads.md#chunk0,3,3,0,not_applicable,1561,0.0125,77.1278,0,0,0.9333333333333332,1.0,1.0,supported,0,,
chunk,full,alias,Q043,What happens to a PersistentVolume when a node running its Pod fails?,Kubernetes can reattach the PersistentVolume to a replacement Pod running on another node.,single,architecture__self-healing.md,"Kubernetes can reattach the volume to a new Pod on a different node.

SOURCES: [architecture__self-healing.md#chunk0], [workloads.md#chunk0]",architecture__self-healing.md#chunk0|workloads.md#chunk0|workloads__workload-api__disruption-and-priority.md#chunk0,3,3,0,not_applicable,1646,0.0125,63.8296,0,0,0.6666666666666666,1.0,1.0,supported,0,supported,
chunk,full,alias,Q044,Why does Kubernetes remove failed Pods from a Service's endpoints?,To ensure traffic is routed only to healthy Pods.,single,architecture__self-healing.md,"When the control plane iterates through existing EndpointSlices, it removes endpoints that are no longer desired and update matching endpoints that have changed.

SOURCES: [services-networking__endpoint-slices.md#chunk3], [services-networking__endpoint-slices.md#chunk1]",services-networking__endpoint-slices.md#chunk3|services-networking__endpoint-slices.md#chunk1|services-networking__endpoint-slices.md#chunk0,3,3,0,not_applicable,1665,0.0126,86.4254,0,0,0.0,0.0,1.0,supported,0,,
chunk,full,alias,Q045,What is the primary purpose of cluster-level logging?,To collect and store container logs in a centralized location for searching and analysis.,single,architecture.md,"Cluster-level logging saves container logs to a central log store with a search/browsing interface.

SOURCES: [architecture.md#chunk2], [overview.md#chunk2]",architecture.md#chunk2|overview.md#chunk2|overview__kubectl.md#chunk1,3,3,0,not_applicable,1782,0.0116,81.6414,0,0,0.32,1.0,1.0,supported,0,supported,
chunk,full,alias,Q046,Which component is considered the primary interface for managing Kubernetes resources from the command line?,kubectl is the primary command-line interface for managing Kubernetes resources.,single,overview__kubectl.md,"The `kubectl` tool is the primary interface for creating, inspecting, updating, and deleting Kubernetes objects.

SOURCES: overview__kubectl.md#chunk0",overview__kubectl.md#chunk0|overview__kubectl.md#chunk1|architecture.md#chunk2,3,3,0,not_applicable,1768,0.0151,10.2673,0,0,0.5454545454545455,1.0,1.0,supported,0,supported,
chunk,full,alias,Q047,What command allows users to switch between Kubernetes contexts?,kubectl config use-context.,single,overview__kubectl.md,"You can use `kubectl config use-context` to change the active context.

SOURCES: [overview__kubectl.md#chunk0]",services-networking__dual-stack.md#chunk3|overview__kubectl.md#chunk0|workloads__workload-api__topology-aware-scheduling.md#chunk1,3,3,0,not_applicable,1713,0.012,91.7304,0,0,0.4615384615384615,1.0,1.0,supported,0,,
chunk,full,alias,Q048,Which Kubernetes resource field uniquely identifies an object across the entire cluster?,The UID field uniquely identifies an object across the cluster.,single,overview__working-with-objects__names.md,The Kubernetes resource field that uniquely identifies an object across the entire cluster is the _UID_. SOURCES: [overview__working-with-objects__names.md#chunk0],overview__working-with-objects__names.md#chunk0|architecture__garbage-collection.md#chunk0|overview__components.md#chunk0,3,3,0,not_applicable,1773,0.0157,86.1397,0,0,0.7368421052631579,1.0,1.0,supported,0,supported,
chunk,full,alias,Q049,Why are labels used instead of names when grouping Kubernetes resources?,Labels allow grouping and selection of multiple resources that may not have unique names.,single,overview__working-with-objects__owners-dependents.md,"Labels are used instead of names to group Kubernetes resources because ownership is different from the labels and selectors mechanism that some resources also use. Owner references help different parts of Kubernetes avoid interfering with objects they don’t control, whereas labels allow for flexible selection of resources.

SOURCES: overview__working-with-objects__names.md#chunk0, overview__working-with-objects__owners-dependents.md#chunk0",overview__working-with-objects__names.md#chunk0|overview__working-with-objects__owners-dependents.md#chunk0|overview__working-with-objects__names.md#chunk1,3,3,0,not_applicable,1750,0.0121,69.0551,0,0,0.2666666666666666,1.0,1.0,supported,0,,
chunk,full,alias,Q050,What scheduling phases does kube-scheduler perform before binding a Pod to a node?,Filtering followed by Scoring.,single,scheduling-eviction__kube-scheduler.md,"kube-scheduler performs two scheduling phases before binding a Pod to a node: filtering and scoring. Filtering finds the set of Nodes where it's feasible to schedule the Pod, and scoring ranks the remaining nodes to choose the most suitable Pod placement.

SOURCES: [scheduling-eviction__kube-scheduler.md#chunk0], [scheduling-eviction__kube-scheduler.md#chunk1]",scheduling-eviction__kube-scheduler.md#chunk0|scheduling-eviction__kube-scheduler.md#chunk1|scheduling-eviction__podgroup-scheduling.md#chunk1,3,3,0,not_applicable,1743,0.0136,93.2158,0,0,0.1025641025641025,1.0,1.0,supported,0,supported,
chunk,full,alias,Q051,"If a network plugin completely implements Service packet forwarding, which Kubernetes component becomes optional and why?",A network plugin that provides Service packet forwarding eliminates the need to run kube-proxy because it already provides equivalent Service networking behavior.,multi,architecture.md;extend-kubernetes__compute-storage-net__network-plugins.md,"Kube-proxy becomes optional because the network plugin is now handling service proxying. 

SOURCES: services-networking.md#chunk1, cluster-administration__networking.md#chunk1",services-networking__endpoint-slices.md#chunk3|services-networking.md#chunk1|cluster-administration__networking.md#chunk1,3,3,0,not_applicable,1304,0.0133,61.7229,0,0,0.3225806451612903,0.0,1.0,supported,0,,
chunk,full,alias,Q052,"When kubectl creates a Deployment, which Kubernetes component receives the request first and which datastore ultimately stores the cluster state?","kubectl sends requests to the kube-apiserver, which stores the cluster state in etcd.",multi,overview__kubectl.md;overview__components.md,"When `kubectl` creates a Deployment, the `kube-apiserver` receives the request first. The `kube-apiserver` then validates the request and applies it to the cluster state stored in `etcd`.

SOURCES: [overview__components.md#chunk0], [overview__kubectl.md#chunk0]",overview__components.md#chunk0|overview__kubectl.md#chunk0|architecture__controller.md#chunk2,3,3,0,not_applicable,1723,0.0147,87.8851,0,0,0.4374999999999999,1.0,1.0,supported,0,,
chunk,full,alias,Q053,"Which component decides where a Pod should run, and which component ensures it actually runs there?","The kube-scheduler selects the node, and the kubelet ensures the Pod is running on that node.",multi,scheduling-eviction__kube-scheduler.md;overview__components.md,"The kube-scheduler decides where a Pod should run by selecting an optimal node based on scheduling principles. The kubelet ensures that Pods are running, including their containers, on the selected node.

SOURCES: [scheduling-eviction__kube-scheduler.md#chunk0], [overview__components.md#chunk0]",containers__runtime-class.md#chunk1|scheduling-eviction__kube-scheduler.md#chunk0|overview__components.md#chunk0,3,3,0,not_applicable,1767,0.0126,90.7046,0,0,0.4736842105263157,1.0,1.0,supported,0,,
chunk,full,alias,Q054,"Which component determines the desired state for a Job, and which controller creates the Pods required to satisfy it?","The Job object defines the desired state, and the Job controller creates the Pods needed to complete the Job.",multi,architecture__controller.md;overview__components.md,"The Job controller determines the desired state for a Job, and it is this controller that creates the Pods required to satisfy it. The Job controller uses one kind of resource (Job objects) as its desired state, and manages another kind of resource (Pod objects) to make that desired state happen.

SOURCES: [architecture__controller.md#chunk1], [architecture__controller.md#chunk2]",architecture__controller.md#chunk1|architecture__controller.md#chunk2|workloads__workload-api.md#chunk1,3,3,0,not_applicable,1416,0.0192,75.6536,0,0,0.3333333333333333,0.5,1.0,supported,0,supported,
chunk,full,alias,Q055,"When a user deletes a PersistentVolume that is still being used by a Pod, which Kubernetes mechanism prevents immediate deletion and why?",The pv-protection finalizer prevents deletion until the volume is no longer in use.,multi,overview__working-with-objects__finalizers.md;overview__working-with-objects__owners-dependents.md,"Foreground cascading deletion prevents immediate deletion of the PersistentVolume because it first enters a ""deletion in progress"" state, allowing the controller to delete dependents it knows about before deleting the owner object.

SOURCES: [architecture__garbage-collection.md#chunk1], [architecture__garbage-collection.md#chunk2]",architecture__garbage-collection.md#chunk1|architecture__garbage-collection.md#chunk2,2,2,0,not_applicable,1367,0.0146,70.2661,0,0,0.1538461538461538,0.0,1.0,supported,0,,
chunk,full,alias,Q056,"Which component assigns IP addresses to Services, and which component forwards traffic to those Services?","The kube-apiserver assigns Service IP addresses, while kube-proxy (or an equivalent network plugin) forwards traffic.",multi,cluster-administration__networking.md;architecture.md,"The control plane updates the `.spec` for the Service to record the IP address assignments. The client's DNS resolver queries for the destination name and learns a mapping to one or more IP addresses associated with the Gateway.

SOURCES: services-networking__dual-stack.md#chunk2, services-networking__gateway.md#chunk2",services-networking__gateway.md#chunk2|services-networking__dual-stack.md#chunk2|cluster-administration__networking.md#chunk1,3,3,0,not_applicable,1692,0.0128,96.4979,0,0,0.1860465116279069,0.5,1.0,supported,0,supported,
chunk,full,alias,Q057,How does Kubernetes ensure that Pods continue running after the scheduler assigns them to a node?,"The scheduler binds the Pod to a node, and the kubelet continuously monitors and restarts containers if necessary.",multi,scheduling-eviction__kube-scheduler.md;architecture__self-healing.md,"The scheduler notifies the API server about its decision in a process called _binding_. The API server then ensures that the Pod continues running on the assigned Node.

SOURCES: [scheduling-eviction__kube-scheduler.md#chunk0], [scheduling-eviction__kube-scheduler.md#chunk1]",scheduling-eviction__kube-scheduler.md#chunk0|scheduling-eviction__kube-scheduler.md#chunk1|workloads__pods__advanced-pod-config.md#chunk2,3,3,0,not_applicable,1637,0.0135,11.0479,0,0,0.1666666666666666,0.5,1.0,supported,0,,
chunk,full,alias,Q058,"If a RuntimeClass specifies scheduling constraints, which Kubernetes component enforces those constraints during Pod placement?","The RuntimeClass defines scheduling constraints, and the kube-scheduler enforces them when selecting a node.",multi,containers__runtime-class.md;scheduling-eviction__kube-scheduler.md,"The placement-based PodGroup scheduling algorithm interprets and enforces scheduling constraints defined in PodGroups or PodGroupTemplates.

SOURCES: [workloads__workload-api__topology-aware-scheduling.md#chunk1], [workloads__podgroup-api.md#chunk1]",workloads__workload-api__topology-aware-scheduling.md#chunk1|workloads__podgroup-api.md#chunk1|scheduling-eviction__podgroup-scheduling.md#chunk0,3,3,0,not_applicable,1502,0.0153,77.9594,0,0,0.32,0.0,1.0,supported,0,,
chunk,full,alias,Q059,"Which Kubernetes mechanism identifies dependent resources for deletion, and which mechanism can delay that deletion until cleanup is complete?","Owner references identify dependent resources, while finalizers delay deletion until cleanup tasks finish.",multi,overview__working-with-objects__owners-dependents.md;overview__working-with-objects__finalizers.md,"Kubernetes uses owner references to identify dependent resources for deletion. Cascading deletion allows this process to be delayed until all necessary clean-up tasks are completed.

SOURCES: architecture__garbage-collection.md#chunk0, architecture__garbage-collection.md#chunk2",architecture__garbage-collection.md#chunk0|architecture__garbage-collection.md#chunk2,2,2,0,not_applicable,1341,0.0198,68.5092,0,0,0.4736842105263157,0.0,1.0,supported,0,,
chunk,full,alias,Q060,"Which component receives HTTPS requests from nodes, and which credentials are commonly used by kubelets to authenticate?","The kube-apiserver receives the HTTPS requests, and kubelets commonly authenticate using client certificates.",multi,architecture__control-plane-node-communication.md;overview__components.md,"The API server is the component that receives HTTPS requests from nodes. Kubelets use client certificates as valid client credentials to authenticate with the API server.

SOURCES: [architecture__control-plane-node-communication.md#chunk0], [architecture__control-plane-node-communication.md#chunk1]",architecture__control-plane-node-communication.md#chunk1|architecture__control-plane-node-communication.md#chunk0|cluster-administration.md#chunk1,3,3,0,not_applicable,1421,0.0188,73.165,0,0,0.411764705882353,0.5,1.0,supported,0,,
chunk,full,alias,Q061,"A Pod is waiting to be scheduled. Which component selects the node, and through which API component is the binding recorded?","The kube-scheduler selects the node, and the kube-apiserver records the binding in the cluster state.",multi,scheduling-eviction__kube-scheduler.md;overview__components.md,"The scheduler selects the node for a Pod. The binding of a Pod to a node is recorded through the API server, specifically through the `v1` API group.

SOURCES: [workloads__pods__advanced-pod-config.md#chunk2], [scheduling-eviction__workload-aware-preemption.md#chunk0], [workloads__podgroup-api.md#chunk1]",workloads__pods__advanced-pod-config.md#chunk2|scheduling-eviction__workload-aware-preemption.md#chunk0|workloads__podgroup-api.md#chunk1,3,3,0,not_applicable,1684,0.0139,98.2,0,0,0.2,0.0,1.0,supported,0,,
chunk,full,alias,Q062,"Which component receives kubectl requests, and where is the resulting cluster state permanently stored?","kubectl sends requests to the kube-apiserver, which persists the cluster state in etcd.",multi,overview__kubectl.md;overview__components.md,"The `kube-apiserver` component receives `kubectl` requests. The resulting cluster state is permanently stored in etcd.

SOURCES: [overview__components.md#chunk0], [overview__components.md#chunk0]",overview__kubectl.md#chunk0|overview__components.md#chunk0|architecture__controller.md#chunk2,3,3,0,not_applicable,1723,0.0182,84.6583,0,0,0.5833333333333334,1.0,1.0,supported,0,,
chunk,full,alias,Q063,"If a cloud-hosted node becomes unresponsive because the VM was deleted, which controller detects this and what action does it take?",The cloud-controller-manager's Node controller checks the cloud provider API and removes the corresponding Kubernetes Node object if the VM has been deleted.,multi,architecture__cloud-controller.md;architecture.md,"The Node controller detects that the node has been deleted in the cloud after it stops responding. It requires full access to read and modify Node objects.

SOURCES: [architecture__cloud-controller.md#chunk1], [architecture.md#chunk1]",architecture__cloud-controller.md#chunk1|architecture.md#chunk1,2,2,0,not_applicable,1328,0.0197,65.3284,0,0,0.380952380952381,1.0,1.0,supported,0,supported,
chunk,full,alias,Q064,How does Kubernetes maintain application availability when a Pod in a Deployment fails after it has already been scheduled?,"The Deployment controller creates a replacement Pod, and the kube-scheduler assigns the replacement Pod to a suitable node.",multi,architecture__self-healing.md;scheduling-eviction__kube-scheduler.md,"Kubernetes maintains application availability by creating a replacement Pod to maintain the specified number of replicas, as part of its self-healing capabilities.

SOURCES: [architecture__self-healing.md#chunk0], [workloads.md#chunk0]",architecture__self-healing.md#chunk0|workloads.md#chunk0|workloads__podgroup-api.md#chunk1,3,3,0,not_applicable,1552,0.0135,78.4473,0,0,0.1818181818181818,0.5,1.0,supported,0,,
chunk,full,alias,Q065,"Which component provides DNS-based Service discovery, and which networking component enables traffic to reach the Service?","The DNS addon provides Service discovery, while kube-proxy or an equivalent network plugin enables Service traffic routing.",multi,architecture.md;extend-kubernetes__compute-storage-net__network-plugins.md,"CoreDNS is a flexible, extensible DNS server which can be installed as the in-cluster DNS for pods. It provides DNS-based Service discovery.

SOURCES: [cluster-administration__addons.md#chunk2], [services-networking__gateway.md#chunk0]",cluster-administration__addons.md#chunk2|services-networking__gateway.md#chunk2|services-networking__gateway.md#chunk0,3,3,0,not_applicable,1578,0.0134,80.0996,0,0,0.2285714285714286,0.0,1.0,supported,0,supported,
chunk,full,alias,Q066,"A RuntimeClass restricts Pods to certain nodes. Which resource defines the restriction, and which component enforces it?","The RuntimeClass resource defines the scheduling constraints, and kube-scheduler enforces them during scheduling.",multi,containers__runtime-class.md;scheduling-eviction__kube-scheduler.md,"The `NodeAffinity` resource defines the restriction, and the Kubernetes scheduler enforces it.

SOURCES: [containers__runtime-class.md#chunk0], [workloads__pods__advanced-pod-config.md#chunk1]",containers__runtime-class.md#chunk0|containers__runtime-class.md#chunk2|workloads__pods__advanced-pod-config.md#chunk1,3,3,0,not_applicable,1543,0.0191,79.8257,0,0,0.3999999999999999,0.5,1.0,supported,0,supported,
chunk,full,alias,Q067,"When kubectl runs inside a Pod instead of on a user's workstation, what authentication method is used and which API component processes the request?","kubectl uses the mounted ServiceAccount token for in-cluster authentication, and the kube-apiserver processes the request.",multi,overview__kubectl.md;architecture__control-plane-node-communication.md,"When `kubectl` runs inside a Pod instead of on a user's workstation, the authentication method used is Bootstrap Tokens. The API component that processes the request is the Authenticator modules in the Authentication step.

SOURCES: [security__controlling-access.md#chunk1], [security__controlling-access.md#chunk0]",security__controlling-access.md#chunk1|security__controlling-access.md#chunk0|cluster-administration.md#chunk1,3,3,0,not_applicable,1479,0.0197,78.0655,0,0,0.2051282051282051,0.0,1.0,supported,0,supported,
chunk,full,alias,Q068,"If foreground cascading deletion is used, which Kubernetes feature delays deletion until cleanup completes, and what mechanism identifies which dependent objects must be cleaned up?","Finalizers delay deletion until cleanup is complete, while owner references identify the dependent objects.",multi,overview__working-with-objects__finalizers.md;overview__working-with-objects__owners-dependents.md,"The Kubernetes feature that delays deletion until cleanup completes is a finalizer. The mechanism that identifies which dependent objects must be cleaned up is the `ownerReference.blockOwnerDeletion=true` field.

SOURCES: [architecture__garbage-collection.md#chunk1], [architecture__garbage-collection.md#chunk2]",architecture__garbage-collection.md#chunk2|architecture__garbage-collection.md#chunk1,2,2,0,not_applicable,1367,0.02,78.0573,0,0,0.3333333333333333,0.0,1.0,supported,0,,
chunk,full,alias,Q069,"When a Pod becomes unschedulable because no node has sufficient resources, which scheduling phase fails and what happens next?","The filtering phase fails to find any feasible nodes, so the Pod remains unscheduled until resources become available.",multi,scheduling-eviction__kube-scheduler.md;overview__components.md,"The scheduling phase that fails is the ""Placement"" or ""Candidate placement generation"" phase. The entire PodGroup is considered unschedulable, and all Pods are returned to the scheduling queue.

SOURCES: [scheduling-eviction__podgroup-scheduling.md#chunk1], [workloads__podgroup-api__lifecycle.md#chunk1]",scheduling-eviction__podgroup-scheduling.md#chunk1|scheduling-eviction__podgroup-scheduling.md#chunk3|workloads__podgroup-api.md#chunk1|workloads__podgroup-api__lifecycle.md#chunk1,4,4,0,not_applicable,1604,0.0265,39.5261,0,0,0.15,0.0,1.0,supported,0,,
chunk,full,alias,Q070,"Which Kubernetes mechanism assigns Service IP addresses, and which component exposes those Services on cluster nodes?","The kube-apiserver assigns Service IP addresses, while kube-proxy exposes and routes traffic to those Services.",multi,cluster-administration__networking.md;overview__components.md,"The Kubernetes mechanism that assigns Service IP addresses is the Service API, which automatically manages EndpointSlice objects to provide information about the pods currently backing a Service.

The component that exposes those Services on cluster nodes is the service proxy implementation, which monitors the set of Service and EndpointSlice objects, and programs the data plane to route service traffic to its backends.

SOURCES: [services-networking.md#chunk0], [cluster-administration__addons.md#chunk2]",cluster-administration__networking.md#chunk1|services-networking.md#chunk0|overview__components.md#chunk0|cluster-administration__addons.md#chunk2,4,4,0,not_applicable,1727,0.0133,91.4822,0,0,0.2941176470588235,1.0,1.0,supported,0,supported,
chunk,full,alias,Q071,"How does Kubernetes ensure secure communication from a node to the control plane, and which component terminates those API connections?","Nodes communicate over HTTPS using client credentials, and the kube-apiserver terminates the secure API connections.",multi,architecture__control-plane-node-communication.md;overview__components.md,"Kubernetes ensures secure communication from a node to the control plane by having nodes provisioned with the public root certificate for the cluster and valid client credentials. The API server is configured to listen for remote connections on a secure HTTPS port (typically 443) with one or more forms of client authentication enabled. All API usage from nodes terminates at the API server.

SOURCES: [architecture__control-plane-node-communication.md#chunk0], [security__controlling-access.md#chunk0]",architecture__control-plane-node-communication.md#chunk0|security__controlling-access.md#chunk0|cluster-administration.md#chunk1,3,3,0,not_applicable,1437,0.0134,77.3555,0,0,0.2608695652173913,0.5,1.0,supported,0,supported,
chunk,full,alias,Q072,"When a Job is created using kubectl, which component creates the Job resource and which controller creates the Pods needed to execute it?","kubectl creates the Job through the kube-apiserver, and the Job controller creates the Pods.",multi,overview__kubectl.md;architecture__controller.md,"When a Job is created using `kubectl`, the Job controller creates the Job resource. The Pod controller (not explicitly mentioned in this context) or more likely the Deployment controller (if the Job is part of a Deployment) creates the Pods needed to execute it.

SOURCES: [overview__components.md#chunk0], [architecture__controller.md#chunk2]",overview__kubectl.md#chunk0|overview__components.md#chunk0|architecture__controller.md#chunk2,3,3,0,not_applicable,1723,0.0136,89.4611,0,0,0.3043478260869565,1.0,1.0,supported,0,,
chunk,full,alias,Q073,"If a PersistentVolume is still attached to a running Pod when deletion is requested, what prevents immediate deletion and which relationship helps Kubernetes determine the dependent resources?","The pv-protection finalizer prevents deletion, while owner references identify dependent resources.",multi,overview__working-with-objects__finalizers.md;overview__working-with-objects__owners-dependents.md,"The PersistentVolume cannot be deleted immediately because it is still attached to a running Pod. The owner reference between the PersistentVolume and the Pod helps Kubernetes determine the dependent resources.

SOURCES: [architecture__garbage-collection.md#chunk0], [architecture__garbage-collection.md#chunk1]",architecture__garbage-collection.md#chunk0|architecture__garbage-collection.md#chunk1,2,2,0,not_applicable,1360,0.0155,68.5609,0,0,0.1764705882352941,0.0,1.0,supported,0,supported,
chunk,full,alias,Q074,"Which Kubernetes component continuously watches for newly created Pods without assigned nodes, and which node-level component ultimately starts the containers?","The kube-scheduler watches for unscheduled Pods, and the kubelet starts the containers on the assigned node.",multi,scheduling-eviction__kube-scheduler.md;overview__components.md,"The Kubernetes component that continuously watches for newly created Pods without assigned nodes is the kube-scheduler. The node-level component that ultimately starts the containers is the kubelet.

SOURCES: [scheduling-eviction__kube-scheduler.md#chunk0], [workloads__pods__advanced-pod-config.md#chunk2]",overview__components.md#chunk0|scheduling-eviction__kube-scheduler.md#chunk0|workloads__pods__advanced-pod-config.md#chunk2,3,3,0,not_applicable,1682,0.0138,92.2864,0,0,0.4705882352941177,1.0,1.0,supported,0,supported,
chunk,full,alias,Q075,"A Service requires a cloud load balancer. Which controller provisions the cloud resource, and which Kubernetes object triggers this action?",The Service controller in the cloud-controller-manager provisions the load balancer when a Service requiring one is created.,multi,architecture__cloud-controller.md;architecture.md,"The service controller interacts with your cloud provider's APIs to set up load balancers when you declare a Service resource that requires them.

SOURCES: [architecture__cloud-controller.md#chunk0], [architecture.md#chunk1]",architecture__cloud-controller.md#chunk0|architecture.md#chunk1|services-networking__endpoint-slices.md#chunk3,3,3,0,not_applicable,1669,0.0161,76.7045,0,0,0.2941176470588235,1.0,1.0,supported,0,,
chunk,full,alias,Q076,Which Kubernetes networking component is mandatory regardless of the CNI plugin because every Pod sandbox requires it?,The container runtime must provide the loopback interface (lo) for every Pod sandbox in addition to the CNI plugin.,multi,extend-kubernetes__compute-storage-net__network-plugins.md;containers__runtime-class.md,"The loopback interface `lo` is required by Kubernetes for each sandbox (pod sandboxes, vm sandboxes, ...), and can be implemented using a CNI loopback plugin or custom code.

SOURCES: [extend-kubernetes__compute-storage-net__network-plugins.md#chunk0], [cluster-administration__networking.md#chunk1]",extend-kubernetes__compute-storage-net__network-plugins.md#chunk0|cluster-administration__networking.md#chunk1|architecture.md#chunk2,3,3,0,not_applicable,1678,0.0135,85.9516,0,0,0.3902439024390243,0.5,1.0,supported,0,,
chunk,full,alias,Q077,"When a PodGroup uses gang scheduling, which scheduler feature ensures all-or-nothing placement and which resource defines the group?","The GangScheduling scheduler plugin enforces all-or-nothing placement, and the PodGroup resource defines the group.",multi,scheduling-eviction__gang-scheduling.md;scheduling-eviction__podgroup-scheduling.md,"The Gang Scheduling plugin ensures all-or-nothing placement. The `minCount` field defines the minimum number of Pods that must be schedulable simultaneously for the group to be feasible.

SOURCES: [scheduling-eviction__gang-scheduling.md#chunk0], [scheduling-eviction__podgroup-scheduling.md#chunk1]",workloads__workload-api__policies.md#chunk0|scheduling-eviction__gang-scheduling.md#chunk0|scheduling-eviction__podgroup-scheduling.md#chunk1,3,3,0,not_applicable,1687,0.013,91.3856,0,0,0.2941176470588235,1.0,1.0,supported,0,supported,
chunk,full,alias,Q078,"Which scheduler extension point checks whether the minimum number of Pods has been successfully placed for gang scheduling, and which scheduling policy depends on this check?","The Permit extension point performs the check, and Gang Scheduling depends on it.",multi,scheduling-eviction__gang-scheduling.md;scheduling-eviction__podgroup-scheduling.md,"The ""Permit"" extension point is used to determine whether the minCount constraint is satisfied by comparing the number of successfully placed pods against the minCount value. The `gang` policy depends on this check.

SOURCES: [scheduling-eviction__podgroup-scheduling.md#chunk3], [scheduling-eviction__gang-scheduling.md#chunk0]",scheduling-eviction__podgroup-scheduling.md#chunk3|workloads__workload-api__policies.md#chunk0|scheduling-eviction__gang-scheduling.md#chunk0|workloads__podgroup-api__lifecycle.md#chunk1,4,4,0,not_applicable,1474,0.0144,85.8818,0,0,0.358974358974359,1.0,1.0,supported,0,supported,
chunk,full,alias,Q079,"How does Kubernetes avoid partial placement of tightly coupled workloads, and which scheduling approach provides this capability?",The scheduler evaluates the PodGroup as a single unit and only binds Pods when the group's scheduling criteria are satisfied.,multi,scheduling-eviction__podgroup-scheduling.md;scheduling-eviction__gang-scheduling.md,"Kubernetes avoids partial placement of tightly coupled workloads by using the PodGroup scheduling cycle. This approach evaluates a group of Pods as a single unit, ensuring that either all or none of the Pods in the group are placed.

SOURCES: [scheduling-eviction__podgroup-scheduling.md#chunk0], [workloads__workload-api__topology-aware-scheduling.md#chunk1]",scheduling-eviction__podgroup-scheduling.md#chunk0|workloads.md#chunk1|workloads__workload-api__topology-aware-scheduling.md#chunk1,3,3,0,not_applicable,1615,0.0163,13.5241,0,0,0.3199999999999999,0.5,1.0,supported,0,supported,
chunk,full,alias,Q080,"If additional Pods are added to an already scheduled PodGroup, how does the scheduler evaluate them and what scheduling cycle is used?",The scheduler evaluates the new Pods while accounting for the already scheduled ones using the PodGroup scheduling cycle.,multi,scheduling-eviction__podgroup-scheduling.md;scheduling-eviction__gang-scheduling.md,"The scheduler evaluates new Pods while accounting for existing ones in the same scheduling cycle. The cycle evaluates the new Pods while considering the existing ones.

SOURCES: [scheduling-eviction__podgroup-scheduling.md#chunk1], [workloads__podgroup-api.md#chunk1]",scheduling-eviction__podgroup-scheduling.md#chunk1|workloads__podgroup-api.md#chunk1|workloads__podgroup-api__lifecycle.md#chunk1,3,3,0,not_applicable,1333,0.0133,69.1082,0,0,0.5714285714285714,0.5,1.0,supported,0,,
chunk,full,alias,Q081,What is the maximum number of containers that a single Kubernetes Pod can contain?,UNANSWERABLE,unanswerable,,"INSUFFICIENT CONTEXT
SOURCES: scheduling-eviction__pod-overhead.md#chunk1, overview.md#chunk0, workloads.md#chunk0",scheduling-eviction__pod-overhead.md#chunk1|overview.md#chunk0|workloads.md#chunk0,3,3,0,not_applicable,1778,0.0144,92.5864,1,0,0.0,,1.0,abstained,0,abstained,
chunk,full,alias,Q082,Which Kubernetes version first introduced the Deployment resource?,UNANSWERABLE,unanswerable,,"INSUFFICIENT CONTEXT
SOURCES:",overview__working-with-objects__names.md#chunk0|overview__components.md#chunk0|architecture.md#chunk3|cluster-administration__addons.md#chunk2,4,4,0,not_applicable,1630,0.0124,74.0433,1,0,0.0,,,abstained,0,abstained,
chunk,full,alias,Q083,What is the default timeout value for the kube-apiserver when processing requests?,UNANSWERABLE,unanswerable,,"INSUFFICIENT CONTEXT
SOURCES: architecture__control-plane-node-communication.md#chunk1, scheduling-eviction__kube-scheduler.md#chunk1, scheduling-eviction__pod-overhead.md#chunk1",architecture__control-plane-node-communication.md#chunk1|scheduling-eviction__pod-overhead.md#chunk1|scheduling-eviction__kube-scheduler.md#chunk1,3,3,0,not_applicable,1672,0.0138,90.7338,1,0,0.0,,1.0,abstained,0,,
chunk,full,alias,Q084,Which consensus algorithm does etcd internally use to elect a leader?,UNANSWERABLE,unanswerable,,"INSUFFICIENT CONTEXT
SOURCES: [overview__components.md#chunk0]",architecture.md#chunk3|scheduling-eviction__kube-scheduler.md#chunk1|overview__components.md#chunk0|scheduling-eviction__gang-scheduling.md#chunk0,4,4,0,not_applicable,1731,0.0179,81.2627,1,0,0.0,,1.0,unsupported,1,unsupported,
chunk,full,alias,Q085,What is the maximum size allowed for a ConfigMap object?,UNANSWERABLE,unanswerable,,"INSUFFICIENT CONTEXT
SOURCES: [scheduling-eviction__topology-aware-scheduling.md#chunk0], [services-networking__endpoint-slices.md#chunk0], [overview__working-with-objects__names.md#chunk1]",scheduling-eviction__topology-aware-scheduling.md#chunk0|services-networking__endpoint-slices.md#chunk0|overview__working-with-objects__names.md#chunk1|scheduling-eviction__pod-overhead.md#chunk2,4,4,0,not_applicable,1797,0.0138,96.7892,1,0,0.0,,1.0,abstained,0,,
chunk,full,alias,Q086,Which Linux kernel version is required to enable all Kubernetes networking features?,UNANSWERABLE,unanswerable,,"INSUFFICIENT CONTEXT
SOURCES: services-networking__dual-stack.md#chunk0, extend-kubernetes__compute-storage-net__network-plugins.md#chunk0, cluster-administration__networking.md#chunk1",services-networking__dual-stack.md#chunk0|extend-kubernetes__compute-storage-net__network-plugins.md#chunk0|cluster-administration__networking.md#chunk1,3,3,0,not_applicable,1689,0.0131,93.371,1,0,0.0,,1.0,unsupported,1,unsupported,
chunk,full,alias,Q087,What is the default CPU utilization threshold used by the Horizontal Pod Autoscaler?,UNANSWERABLE,unanswerable,,INSUFFICIENT CONTEXT,scheduling-eviction__pod-overhead.md#chunk1|scheduling-eviction__pod-overhead.md#chunk0|containers__runtime-class.md#chunk2|scheduling-eviction__pod-overhead.md#chunk2|workloads__podgroup-api__lifecycle.md#chunk1,5,5,0,not_applicable,1636,0.0135,87.1853,1,0,0.0,,,abstained,0,,
chunk,full,alias,Q088,How many Pods can be scheduled on a node by default before Kubernetes refuses additional Pods?,UNANSWERABLE,unanswerable,,"INSUFFICIENT CONTEXT
SOURCES: workloads__podgroup-api.md#chunk1, workloads__workload-api__topology-aware-scheduling.md#chunk1, workloads__pods__advanced-pod-config.md#chunk2, workloads__podgroup-api__lifecycle.md#chunk1",workloads__podgroup-api.md#chunk1|workloads__workload-api__topology-aware-scheduling.md#chunk1|workloads__pods__advanced-pod-config.md#chunk2|workloads__podgroup-api__lifecycle.md#chunk1,4,4,0,not_applicable,1576,0.0185,93.7599,1,0,0.0,,1.0,unsupported,1,,
chunk,full,alias,Q089,Which encryption algorithm is used by default for Secret objects stored in etcd?,UNANSWERABLE,unanswerable,,"INSUFFICIENT CONTEXT

SOURCES: [security.md#chunk0], [overview__components.md#chunk0]",security.md#chunk0|security__controlling-access.md#chunk2|overview__components.md#chunk0,3,3,0,not_applicable,1644,0.013,71.3494,1,0,0.0,,1.0,abstained,0,abstained,
chunk,full,alias,Q090,What is the default expiration period for ServiceAccount tokens?,UNANSWERABLE,unanswerable,,"INSUFFICIENT CONTEXT
SOURCES: [overview__working-with-objects__names.md#chunk1], [workloads__podgroup-api__lifecycle.md#chunk0], [workloads__controllers__ttlafterfinished.md#chunk1]",overview__working-with-objects__names.md#chunk1|workloads__podgroup-api__lifecycle.md#chunk0|workloads__controllers__ttlafterfinished.md#chunk1,3,3,0,not_applicable,1405,0.0171,21.0532,1,0,0.0,,1.0,abstained,0,abstained,
chunk,full,alias,Q091,Which cloud provider was the first officially supported by Kubernetes?,UNANSWERABLE,unanswerable,,INSUFFICIENT CONTEXT,cluster-administration__addons.md#chunk2|architecture__cloud-controller.md#chunk0|overview__components.md#chunk0|architecture.md#chunk3,4,4,0,not_applicable,1703,0.0179,72.2597,1,0,0.0,,,abstained,0,abstained,
chunk,full,alias,Q092,What is the default memory limit assigned to every Pod created in Kubernetes?,UNANSWERABLE,unanswerable,,"INSUFFICIENT CONTEXT
SOURCES: [scheduling-eviction__pod-overhead.md#chunk2, scheduling-eviction__pod-overhead.md#chunk1, containers__runtime-class.md#chunk2]",scheduling-eviction__pod-overhead.md#chunk2|scheduling-eviction__pod-overhead.md#chunk1|scheduling-eviction__pod-overhead.md#chunk0|containers__runtime-class.md#chunk2,4,4,0,not_applicable,1454,0.0139,81.7338,1,0,0.0,,1.0,abstained,0,,
chunk,full,alias,Q093,Which built-in scheduler plugin consumes the most CPU time during scheduling?,UNANSWERABLE,unanswerable,,INSUFFICIENT CONTEXT,scheduling-eviction__pod-overhead.md#chunk1|containers__runtime-class.md#chunk2|scheduling-eviction__kube-scheduler.md#chunk0|scheduling-eviction__kube-scheduler.md#chunk1,4,4,0,not_applicable,1783,0.0124,90.7094,1,0,0.0,,,abstained,0,,
chunk,full,alias,Q094,What is the maximum number of worker nodes supported in a Kubernetes cluster?,UNANSWERABLE,unanswerable,,"INSUFFICIENT CONTEXT
SOURCES: [architecture.md#chunk0], [overview__components.md#chunk0]",architecture.md#chunk0|scheduling-eviction__pod-overhead.md#chunk1|overview__components.md#chunk0,3,3,0,not_applicable,1748,0.0119,84.1631,1,0,0.0,,1.0,abstained,0,abstained,
chunk,full,alias,Q095,Which compression algorithm is used by kubelet when transferring container logs?,UNANSWERABLE,unanswerable,,INSUFFICIENT CONTEXT,architecture__garbage-collection.md#chunk3|scheduling-eviction__pod-overhead.md#chunk0|scheduling-eviction__pod-overhead.md#chunk1,3,3,0,not_applicable,1701,0.0172,85.0639,1,0,0.0,,,abstained,0,,
chunk,full,alias,Q096,Which Kubernetes component exposes the Kubernetes HTTP API?,The kube-apiserver exposes the Kubernetes HTTP API.,single,overview__components.md,"The kube-apiserver is the core component server that exposes the Kubernetes HTTP API.

SOURCES: [overview__components.md#chunk0], [architecture__control-plane-node-communication.md#chunk0]",overview__components.md#chunk0|architecture__control-plane-node-communication.md#chunk0|cluster-administration.md#chunk1,3,3,0,not_applicable,1318,0.0121,63.4153,0,0,0.6666666666666666,1.0,1.0,supported,0,supported,
chunk,full,alias,Q097,Which component is responsible for assigning Pods to feasible nodes after filtering and scoring?,The kube-scheduler assigns Pods to the highest-scoring feasible node.,single,scheduling-eviction__kube-scheduler.md,"The kube-scheduler assigns the Pod to the Node with the highest ranking in the scoring step, if there is more than one node with equal scores, it selects one of these at random.

SOURCES: [scheduling-eviction__kube-scheduler.md#chunk1]",scheduling-eviction__podgroup-scheduling.md#chunk2|scheduling-eviction__kube-scheduler.md#chunk1|scheduling-eviction__topology-aware-scheduling.md#chunk0,3,3,0,not_applicable,1663,0.0128,85.8369,0,0,0.2285714285714286,1.0,1.0,supported,0,supported,
chunk,full,alias,Q098,How do owner references and garbage collection work together when an owner object is deleted?,"Owner references identify dependent resources, allowing the garbage collector to remove them when the owner is deleted.",multi,overview__working-with-objects__owners-dependents.md;architecture__garbage-collection.md,"When an owner object is deleted, Kubernetes uses owner references to determine which dependent objects are related to it. The garbage collector then checks for and deletes these dependent objects, a process called cascading deletion. If the owner object has finalizers, they ensure that necessary clean-up tasks are completed before deleting the object.

SOURCES: architecture__garbage-collection.md#chunk0, architecture__garbage-collection.md#chunk1",architecture__garbage-collection.md#chunk0|architecture__garbage-collection.md#chunk1,2,2,0,not_applicable,1360,0.0124,72.4345,0,0,0.3174603174603175,0.5,1.0,supported,0,,
chunk,full,alias,Q099,Which two mechanisms together ensure that a resource is not deleted until all cleanup has completed?,Finalizers delay deletion while garbage collection performs cleanup after dependencies have been handled.,multi,overview__working-with-objects__finalizers.md;architecture__garbage-collection.md,"The `metadata.deletionTimestamp` field being set by the API server and the controller managing the finalizer noticing this update to remove the finalizers specified for that resource.

SOURCES: [overview__working-with-objects__finalizers.md#chunk0], [architecture__garbage-collection.md#chunk0]",overview__working-with-objects__finalizers.md#chunk0|architecture__garbage-collection.md#chunk0,2,2,0,not_applicable,1321,0.0123,69.0822,0,0,0.0588235294117647,1.0,1.0,supported,0,,
chunk,full,alias,Q100,How does Kubernetes keep workloads available after a scheduled Pod fails on a node?,"Controllers create replacement Pods, the scheduler assigns them to suitable nodes, and the kubelet starts the containers.",multi,architecture__self-healing.md;scheduling-eviction__kube-scheduler.md,"Kubernetes automatically replaces failed containers, reschedules workloads when nodes become unavailable, and ensures that the desired state of the system is maintained.

SOURCES: architecture__self-healing.md#chunk0, workloads.md#chunk1",architecture__self-healing.md#chunk0|workloads.md#chunk1|workloads.md#chunk0,3,3,0,not_applicable,1665,0.013,82.1999,0,0,0.1764705882352941,0.5,1.0,supported,0,,
okf,full,alias,Q006,When is kube-proxy not required on a Kubernetes node?,kube-proxy is not required if the network plugin provides equivalent Service packet forwarding functionality.,single,architecture.md,"When you use a network plugin that provides its own implementation of proxying. [SOURCES: /component/kubernetes_network_plugins.md, /component/kube_proxy.md]",component/kube_proxy.md|entity/kube_proxy.md|policy/kubernetes_cluster_networking_requirements.md|versioncompatibility/version_compatibility_of_kubectl.md|procedure/enable_egress_traffic.md|policy/garbage_collection_in_kubernetes.md|component/kubernetes_network_plugins.md|resource/cluster_networking.md|tool/kubectl_command_line_tool.md,9,5,4,expanded,844,0.0126,46.2338,0,0,0.24,1.0,1.0,supported,0,supported,
okf,full,alias,Q007,Which namespace is typically used for Kubernetes addons?,Cluster addons are typically deployed in the kube-system namespace.,single,architecture.md,"The `kube-system` namespace is typically used for Kubernetes addons. 

SOURCES: /definition/kubernetes_addons_overview.md, /rule/owner_reference_namespace_rules.md",entity/namespaces_in_kubernetes.md|entity/addon.md|definition/kubernetes_addons_overview.md|rule/cross_namespace_owner_references.md|list/kubernetes_infrastructure_add_ons.md|rule/owner_reference_namespace_rules.md|design_principle/controller_design_principles.md|policy/garbage_collection_in_kubernetes.md|entity/node.md,9,5,4,expanded,1702,0.0137,32.1125,0,0,0.5,1.0,1.0,supported,0,supported,
okf,full,alias,Q008,What is the purpose of the Kubernetes Dashboard addon?,The Dashboard provides a web-based interface for managing and troubleshooting Kubernetes clusters.,single,architecture.md,"The Kubernetes Dashboard addon provides a general-purpose, web-based UI for Kubernetes clusters that allows users to manage and troubleshoot applications and the cluster itself. It serves as a dashboard web interface for Kubernetes.

SOURCES: [concept: /definition/kubernetes_addons_overview.md], [concept: /list/kubernetes_ui_add_ons.md]",entity/addon.md|list/kubernetes_ui_add_ons.md|definition/kubernetes_addons_overview.md|list/kubernetes_infrastructure_add_ons.md|definition/kubernetes_add_ons_overview.md|policy/garbage_collection_in_kubernetes.md|entity/node.md|definition/kubernetes_cluster_architecture.md|entity/worker_node.md,9,5,4,expanded,1148,0.0132,66.3356,0,0,0.4102564102564103,1.0,1.0,supported,0,supported,
okf,full,alias,Q009,What does the cloud-controller-manager manage?,It runs controllers that integrate Kubernetes with the underlying cloud provider.,single,architecture__cloud-controller.md,"The cloud controller manager manages multiple controllers in a single process, including Node, Route, and Service controllers. It also interacts with cloud provider APIs to set up load balancers and other infrastructure components.

SOURCES: [concept: /component/cloud_controller_manager.md], [concept: /procedure/service_controller_functions.md]",component/cloud_controller_manager.md|entity/cloud_controller_manager.md|policy/cloud_controller_manager_core_api_permissions.md|definition/cloudprovider_interface_for_ccm.md|procedure/service_controller_functions.md|policy/garbage_collection_in_kubernetes.md|pattern/kubernetes_controller_pattern.md|entity/node.md|entity/kubernetes_service.md,9,5,4,expanded,1608,0.0141,83.0238,0,0,0.2439024390243902,1.0,1.0,supported,0,supported,
okf,full,alias,Q010,Which controller in the cloud-controller-manager configures cloud routes?,The Route controller configures routes in the cloud infrastructure.,single,architecture__cloud-controller.md,"The Route controller is responsible for configuring routes in the cloud appropriately so that containers on different nodes in your Kubernetes cluster can communicate with each other. 

SOURCES: [concept: /procedure/route_controller_functions.md], [concept: /component/cloud_controller_manager.md]",component/cloud_controller_manager.md|procedure/route_controller_functions.md|entity/cloud_controller_manager.md|definition/cloudprovider_interface_for_ccm.md|procedure/service_controller_functions.md|policy/garbage_collection_in_kubernetes.md|pattern/kubernetes_controller_pattern.md|entity/node.md|entity/kubernetes_service.md,9,5,4,expanded,1618,0.0132,71.0225,0,0,0.3125,1.0,1.0,supported,0,supported,
okf,full,alias,Q011,What does the Service controller in cloud-controller-manager configure?,It configures cloud load balancers and related infrastructure for Services.,single,architecture__cloud-controller.md,"The Service controller in cloud-controller-manager configures load balancers and other infrastructure components, such as managed load balancers, IP addresses, network packet filtering, and target health checking, when you declare a Service resource that requires them.

SOURCES: [concept: /procedure/service_controller_functions.md], [concept: /component/cloud_controller_manager.md]",component/cloud_controller_manager.md|entity/cloud_controller_manager.md|procedure/service_controller_functions.md|definition/cloudprovider_interface_for_ccm.md|policy/cloud_controller_manager_core_api_permissions.md|policy/garbage_collection_in_kubernetes.md|pattern/kubernetes_controller_pattern.md|entity/node.md|entity/kubernetes_service.md,9,5,4,expanded,1608,0.0123,72.6993,0,0,0.2325581395348837,1.0,1.0,supported,0,supported,
okf,full,alias,Q012,Which Kubernetes object represents the desired state for a controller?,The spec field of a Kubernetes resource represents its desired state.,single,architecture__controller.md,"The spec field of a Kubernetes resource represents the desired state for a controller. 

SOURCES: [concept: /pattern/kubernetes_controller_pattern.md], [concept: /philosophy/kubernetes_state_management.md]",pattern/kubernetes_controller_pattern.md|design_principle/controller_design_principles.md|mechanism/api_server_control.md|component/kube_controller_manager.md|mechanism/direct_external_control.md,5,5,0,budget_blocked,1721,0.012,85.9628,0,0,0.8421052631578948,1.0,0.5,supported,0,supported,
okf,full,alias,Q013,What is the role of the Job controller?,The Job controller creates Pods to complete Jobs and updates the Job status when finished.,single,architecture__controller.md,"The TTL-after-finished controller is only supported for Jobs. You can use this mechanism to clean up finished Jobs (either `Complete` or `Failed`) automatically by specifying the `.spec.ttlSecondsAfterFinished` field of a [Job](/entity/job.md).

SOURCES: [concept: /entity/ttl_after_finished_controller.md], [concept: /pattern/kubernetes_controller_pattern.md]",procedure/service_controller_functions.md|entity/ttl_after_finished_controller.md|concept/time_to_live_after_finished_controller.md|policy/service_controller_api_permissions.md|procedure/understanding_the_relationship_between_controllers_workloads.md|pattern/kubernetes_controller_pattern.md|definition/kubernetes_cluster_architecture.md|entity/workload.md|template/podgrouptemplates.md,9,5,4,expanded,1283,0.0122,75.7562,0,0,0.2439024390243902,1.0,1.0,unsupported,1,unsupported,
okf,full,alias,Q014,What communication pattern does Kubernetes use between nodes and the control plane?,Kubernetes uses a hub-and-spoke API pattern where communication terminates at the API server.,single,architecture__control-plane-node-communication.md,"Kubernetes uses a ""hub-and-spoke"" API pattern where all API usage from nodes (or the pods they run) terminates at the API server. The API server is configured to listen for remote connections on a secure HTTPS port.

SOURCES: [concept: /communication_pattern/node_to_control_plane_communication.md], [concept: /policy/api_server_behavior_in_kubernetes.md]",communication_pattern/node_to_control_plane_communication.md|definition/kubernetes_control_plane_role.md|pattern/kubernetes_controller_pattern.md|procedure/route_controller_functions.md|mechanism/direct_external_control.md|policy/garbage_collection_in_kubernetes.md|policy/api_server_behavior_in_kubernetes.md,7,5,2,expanded,1723,0.012,93.048,0,0,0.4651162790697674,1.0,1.0,supported,0,supported,
okf,full,alias,Q015,Which secure protocol do nodes use to communicate with the API server?,Nodes communicate with the API server over HTTPS.,single,architecture__control-plane-node-communication.md,"HTTPS.

SOURCES: [concept: /communication_pattern/node_to_control_plane_communication.md], [concept: /communication_path/api_server_proxy_functionality.md]",policy/kubernetes_api_server_tls_configuration.md|communication_path/api_server_proxy_functionality.md|communication_pattern/node_to_control_plane_communication.md|communication_path/api_server_to_kubelet_communication.md|procedure/access_control.md|authentication/authentication_with_kubeconfig_file.md|definition/kubernetes_authentication_and_authorization.md|entity/kubernetes_components.md|entity/kubernetes_api.md,9,5,4,expanded,1598,0.012,78.759,0,0,0.25,1.0,1.0,supported,0,,
okf,full,alias,Q016,What is the default configuration file searched by kubectl?,kubectl looks for a config file in the $HOME/.kube directory.,single,overview__kubectl.md,"INSUFFICIENT CONTEXT
SOURCES:",versioncompatibility/version_compatibility_of_kubectl.md|procedure/default_pod_preemption.md|authentication/authentication_with_kubeconfig_file.md|procedure/using_sysctls_in_kubernetes.md|entity/addon.md|concept/scheduling.md|procedure/preemption.md|procedure/selecting_victims_for_preemption.md|definition/podgroup.md,9,5,4,expanded,687,0.0118,36.3628,1,0,0.0,1.0,,abstained,0,abstained,
okf,full,alias,Q017,What command is recommended for declarative Kubernetes resource management?,kubectl apply is recommended for declarative resource management.,single,overview__kubectl.md,"kubectl

SOURCES: [concept: /objectmanagement/managing_kubernetes_objects_with_kubectl.md] (ObjectManagement), [concept: /resource/cluster_resources.md] (Resource)",guide/managing_kubernetes_clusters.md|metric/resource_allocation_metrics_in_kubernetes.md|metric/resource_utilization_in_kubernetes.md|objectmanagement/managing_kubernetes_objects_with_kubectl.md|procedure/deleting_resources_in_kubernetes.md|definition/kubernetes_cluster_architecture.md|entity/node.md|resource/cluster_resources.md|policy/garbage_collection_in_kubernetes.md,9,5,4,expanded,1050,0.0128,56.3265,0,0,0.2222222222222222,1.0,0.0,supported,0,abstained,
okf,full,alias,Q018,What unique identifier is guaranteed to be unique across the entire Kubernetes cluster?,The UID is unique across the entire Kubernetes cluster.,single,overview__working-with-objects__names.md,"The unique identifier that is guaranteed to be unique across the entire Kubernetes cluster is a UUID, specifically standardized as ISO/IEC 9834-8 and as ITU-T X.667.

SOURCES: [concept: /definition/uids_in_kubernetes.md], [concept: /definition/api_group_resource_type_namespace_and_name.md]",procedure/generating_unique_names.md|definition/uids_in_kubernetes.md|definition/api_group_resource_type_namespace_and_name.md|metric/cluster_wide_domain.md|procedure/defining_topology_constraints.md|policy/garbage_collection_in_kubernetes.md|entity/api_group.md|resource/cluster_resources.md|entity/topology_constraint.md,9,5,4,expanded,875,0.0129,57.8783,0,0,0.4,1.0,1.0,supported,0,supported,
okf,full,alias,Q019,Which field allows Kubernetes to generate a resource name automatically?,The generateName field allows the server to generate a resource name.,single,overview__working-with-objects__names.md,"The `generateName` field allows Kubernetes to generate a resource name automatically. It appends a generated suffix to the provided value, which is used as a name prefix.

SOURCES: [concept: /procedure/generating_unique_names.md], [concept: /definition/api_group_resource_type_namespace_and_name.md]",procedure/generating_unique_names.md|definition/api_group_resource_type_namespace_and_name.md|entity/namespaces_in_kubernetes.md|rule/cross_namespace_owner_references.md|entity/kubernetes_service.md|policy/garbage_collection_in_kubernetes.md|entity/api_group.md|resource/cluster_resources.md|rule/owner_reference_namespace_rules.md,9,5,4,expanded,1145,0.0121,62.6439,0,0,0.4666666666666667,1.0,1.0,supported,0,supported,
okf,full,alias,Q020,What field stores owner information for dependent Kubernetes objects?,The metadata.ownerReferences field stores references to the owner object.,single,overview__working-with-objects__owners-dependents.md,"The `metadata.ownerReferences` field stores owner information for dependent Kubernetes objects. 

SOURCES: [concept: /policy/owner_references_in_object_specifications.md], [concept: /rule/cross_namespace_owner_references.md]",policy/owner_references_in_object_specifications.md|rule/cross_namespace_owner_references.md|definition/kubernetes_owner_references.md|procedure/configuring_owner_relationships_manually.md|definition/owner_references_vs_labels_and_selectors.md|rule/owner_reference_namespace_rules.md|design_principle/controller_design_principles.md|definition/api_group_resource_type_namespace_and_name.md|policy/garbage_collection_in_kubernetes.md,9,5,4,expanded,1681,0.0206,45.0814,0,0,0.5,1.0,1.0,supported,0,supported,
okf,full,alias,Q021,What Kubernetes mechanism is responsible for cleaning up terminated Pods and completed Jobs?,Garbage Collection is responsible for cleaning up terminated Pods and completed Jobs.,single,architecture__garbage-collection.md,"Kubernetes Garbage Collection allows the clean up of resources such as: Terminated pods, Completed Jobs...

SOURCES: [concept: /entity/kubernetes_job_resource.md], [concept: /definition/kubernetes_garbage_collection_purpose.md]",entity/job.md|entity/kubernetes_job_resource.md|entity/worker_node.md|definition/kubernetes_garbage_collection_purpose.md|procedure/deleting_resources_in_kubernetes.md|procedure/foreground_cascading_deletion_process.md|definition/foreground_and_orphan_cascading_deletion.md|procedure/using_finalizers_in_kubernetes.md|pattern/kubernetes_controller_pattern.md,9,5,4,expanded,1590,0.0148,88.6638,0,0,0.5384615384615384,1.0,1.0,supported,0,,
okf,full,alias,Q022,What are owner references used for in Kubernetes?,Owner references identify dependent objects so Kubernetes can clean them up when the owner is deleted.,single,architecture__garbage-collection.md,"Owner references help different parts of Kubernetes avoid interfering with objects they don’t control, and inform the control plane which objects are dependent on others, allowing for the cleanup of related resources before an object is deleted.

SOURCES: [concept: /definition/kubernetes_owner_references.md], [concept: /rule/owner_reference_namespace_rules.md]",policy/owner_references_in_object_specifications.md|definition/kubernetes_owner_references.md|rule/cross_namespace_owner_references.md|definition/owner_references_vs_labels_and_selectors.md|metric/invalid_owner_references.md|rule/owner_reference_namespace_rules.md|design_principle/controller_design_principles.md|procedure/configuring_owner_relationships_manually.md|definition/api_group_resource_type_namespace_and_name.md,9,5,4,expanded,1634,0.0122,90.0527,0,0,0.2857142857142856,1.0,1.0,supported,0,,
okf,full,alias,Q023,What are the two types of cascading deletion supported by Kubernetes?,Foreground cascading deletion and Background cascading deletion.,single,architecture__garbage-collection.md,"Foreground cascading deletion and Background cascading deletion. 

SOURCES: [definition/kubernetes_cascading_deletion.md], [concept: /procedure/foreground_cascading_deletion_process.md]",definition/kubernetes_cascading_deletion.md|definition/foreground_and_orphan_cascading_deletion.md|procedure/deleting_resources_in_kubernetes.md|definition/orphaned_kubernetes_dependents.md|policy/api_server_behavior_in_kubernetes.md|procedure/foreground_cascading_deletion_process.md|procedure/using_finalizers_in_kubernetes.md|pattern/kubernetes_controller_pattern.md|procedure/configuring_owner_relationships_manually.md,9,5,4,expanded,1617,0.0125,85.9098,0,1,1.0,1.0,1.0,supported,0,supported,
okf,full,alias,Q024,"During foreground cascading deletion, what field is added to an object to indicate deletion has begun?",The metadata.deletionTimestamp field is added.,single,architecture__garbage-collection.md,"The Kubernetes API server sets the `metadata.deletionTimestamp` field to the time it was marked for deletion.

SOURCES: [concept: /procedure/foreground_cascading_deletion_process.md], [concept: /definition/kubernetes_cascading_deletion.md]",procedure/foreground_cascading_deletion_process.md|procedure/background_cascading_deletion_process.md|definition/foreground_and_orphan_cascading_deletion.md|definition/kubernetes_cascading_deletion.md|entity/persistentvolume_objects.md|procedure/using_finalizers_in_kubernetes.md|metric/terminating_status_in_persistentvolumes.md|entity/kubernetes_api.md|pattern/kubernetes_controller_pattern.md,9,5,4,expanded,1613,0.0136,86.4326,0,0,0.2352941176470588,1.0,1.0,supported,0,,
okf,full,alias,Q025,How often does the kubelet perform garbage collection for unused container images by default?,Every five minutes.,single,architecture__garbage-collection.md,"The kubelet performs garbage collection on unused images every five minutes.

SOURCES: [concept: /procedure/kubelet_container_and_image_gc.md], [concept: /rule/kubelet_image_gc_disk_usage_thresholds.md]",procedure/kubelet_container_and_image_gc.md|rule/kubelet_image_gc_disk_usage_thresholds.md|policy/garbage_collection_in_kubernetes.md|configuration/kubelet_image_maximum_age_setting.md|configuration/kubelet_container_gc_parameters.md|definition/kubernetes_node_components_overview.md|concept/garbage_collection.md|policy/finalizer_purpose.md|definition/api_group_resource_type_namespace_and_name.md,9,5,4,expanded,1577,0.0127,88.5124,0,0,0.4615384615384615,1.0,1.0,supported,0,supported,
okf,full,alias,Q026,What kubelet configuration field specifies the maximum time an unused image can remain before garbage collection?,imageMaximumGCAge.,single,architecture__garbage-collection.md,"The value is specified as a Kubernetes duration, for example, `12h45m` for 12 hours and 45 minutes. This value is set in the `imageMaximumGCAge` field of the kubelet configuration file.

SOURCES: [concept: /configuration/kubelet_image_maximum_age_setting.md], [concept: /procedure/kubelet_container_and_image_gc.md]",configuration/kubelet_image_maximum_age_setting.md|procedure/kubelet_container_and_image_gc.md|rule/kubelet_image_gc_disk_usage_thresholds.md|policy/garbage_collection_in_kubernetes.md|configuration/kubelet_container_gc_parameters.md|definition/kubernetes_node_components_overview.md|concept/garbage_collection.md|policy/finalizer_purpose.md|definition/api_group_resource_type_namespace_and_name.md,9,5,4,expanded,1577,0.0126,93.8977,0,0,0.074074074074074,1.0,1.0,supported,0,supported,
okf,full,alias,Q027,What is the purpose of Kubernetes finalizers?,Finalizers delay deletion until specific cleanup tasks have been completed.,single,overview__working-with-objects__finalizers.md,"Kubernetes finalizers are used to ensure that certain actions are taken when a resource is deleted, such as deleting related resources or performing cleanup tasks.

SOURCES: [procedure/using_finalizers_in_kubernetes.md], [policy/garbage_collection_in_kubernetes.md]",procedure/using_finalizers_in_kubernetes.md|definition/kubernetes_garbage_collection_purpose.md|policy/built_in_priority_classes.md|entity/pods_in_kubernetes.md|definition/kubernetes_architecture.md|policy/garbage_collection_in_kubernetes.md|definition/kubernetes_cluster_architecture.md|policy/api_server_behavior_in_kubernetes.md|pattern/kubernetes_controller_pattern.md,9,5,4,expanded,1283,0.0124,72.0347,0,0,0.1764705882352941,0.0,1.0,supported,0,supported,
okf,full,alias,Q028,Which metadata field stores the list of finalizers for a Kubernetes object?,metadata.finalizers.,single,overview__working-with-objects__finalizers.md,"The `.metadata.finalizers` field stores the list of finalizers for a Kubernetes object.

SOURCES: [concept: /procedure/using_finalizers_in_kubernetes.md], [concept: /resource/status_field.md]",procedure/using_finalizers_in_kubernetes.md|definition/api_group_resource_type_namespace_and_name.md|definition/kubernetes_garbage_collection_purpose.md|resource/status_field.md|definition/endpoint_slice.md|policy/garbage_collection_in_kubernetes.md|entity/api_group.md|resource/cluster_resources.md|entity/job.md,9,5,4,expanded,1047,0.0125,57.5323,0,0,0.1999999999999999,0.0,1.0,supported,0,supported,
okf,full,alias,Q029,What HTTP status code does the API server return when a resource with finalizers is marked for deletion?,202 Accepted.,single,overview__working-with-objects__finalizers.md,"INSUFFICIENT CONTEXT

SOURCES:",process/how_finalizers_work.md|policy/api_server_behavior_in_kubernetes.md|procedure/specifying_finalizers_in_a_manifest_file.md|policy/finalizer_purpose.md|procedure/using_finalizers_in_kubernetes.md|concept/garbage_collection.md|pattern/kubernetes_controller_pattern.md|resource/cluster_resources.md|policy/garbage_collection_in_kubernetes.md,9,5,4,expanded,984,0.014,51.878,1,0,0.0,1.0,,abstained,0,abstained,
okf,full,alias,Q030,Which built-in finalizer prevents accidental deletion of a PersistentVolume that is still in use?,kubernetes.io/pv-protection.,single,overview__working-with-objects__finalizers.md,"[kubernetes.io/pv-protection]

SOURCES: [concept: /entity/persistentvolume_objects.md], [concept: /metric/terminating_status_in_persistentvolumes.md]",entity/persistentvolume_objects.md|policy/finalizer_purpose.md|process/how_finalizers_work.md|metric/terminating_status_in_persistentvolumes.md|warning/potential_issues_with_finalizers.md|procedure/using_finalizers_in_kubernetes.md|concept/garbage_collection.md|pattern/kubernetes_controller_pattern.md|resource/cluster_resources.md,9,5,4,expanded,912,0.0129,51.6242,0,1,1.0,1.0,1.0,supported,0,,
okf,full,alias,Q031,What is the purpose of RuntimeClass in Kubernetes?,RuntimeClass selects the container runtime configuration used to run a Pod.,single,containers__runtime-class.md,"The purpose of RuntimeClass in Kubernetes is to define the overhead associated with a Pod and allow for different container runtime configurations between different Pods. It allows you to set different runtime configurations between different Pods, selecting the container runtime configuration.

SOURCES: entity/runtimeclass.md, policy/garbage_collection_in_kubernetes.md, feature/runtime_class_overview.md",entity/runtimeclass.md|policy/built_in_priority_classes.md|feature/runtime_class_overview.md|entity/runtime_class.md|entity/worker_node.md|entity/container_runtime.md|definition/kubernetes_node_components_overview.md|policy/garbage_collection_in_kubernetes.md|entity/node.md,9,5,4,expanded,888,0.0121,54.648,0,0,0.2608695652173913,1.0,1.0,supported,0,supported,
okf,full,alias,Q032,Which Pod specification field is used to select a RuntimeClass?,runtimeClassName.,single,containers__runtime-class.md,"The `runtimeClassName` field in the Pod specification is used to select a RuntimeClass. It is set to the name of the desired RuntimeClass.

SOURCES: /procedure/specify_pod_runtime_using_a_runtime_class.md, /definition/api_group_resource_type_namespace_and_name.md",entity/runtimeclass.md|procedure/specify_pod_runtime_using_a_runtime_class.md|definition/pod_overhead_field.md|feature/runtime_class_overview.md|definition/podgroup.md|entity/container_runtime_1.md|entity/podgroup.md|definition/api_group_resource_type_namespace_and_name.md|policy/garbage_collection_in_kubernetes.md,9,5,4,expanded,756,0.0124,10.0312,0,0,0.1052631578947368,1.0,1.0,supported,0,supported,
okf,full,alias,Q033,What happens if a Pod references a RuntimeClass that does not exist?,The Pod enters the Failed terminal phase.,single,containers__runtime-class.md,"INSUFFICIENT CONTEXT
SOURCES: /definition/api_group_resource_type_namespace_and_name.md, /concept:/rule/referencing_non_existent_podgroups.md",procedure/specify_pod_runtime_using_a_runtime_class.md|entity/runtimeclass.md|rule/referencing_non_existent_podgroups.md|definition/pod_overhead_field.md|definition/podgroup.md|entity/container_runtime_1.md|entity/podgroup.md|definition/api_group_resource_type_namespace_and_name.md|policy/garbage_collection_in_kubernetes.md,9,5,4,expanded,738,0.0123,44.2334,1,0,0.0,0.0,0.5,abstained,0,,
okf,full,alias,Q034,What is the primary purpose of a CNI plugin in Kubernetes?,A CNI plugin implements the Kubernetes networking model.,single,extend-kubernetes__compute-storage-net__network-plugins.md,"The primary purpose of a CNI plugin in Kubernetes is to allocate IP addresses to pods and enable them to communicate with each other within the cluster.

SOURCES: [concept: /component/kubernetes_network_plugins.md], [concept: /mechanism/kubernetes_network_model_implementation.md]",procedure/managing_cni_plugins_in_kubernetes.md|component/kubernetes_network_plugins.md|mechanism/kubernetes_network_model_implementation.md|implementation/pod_network_implementation_cni.md|feature/support_for_traffic_shaping.md|model/kubernetes_network_model.md|policy/garbage_collection_in_kubernetes.md|definition/kubernetes_node_components_overview.md,8,5,3,expanded,1112,0.014,61.6176,0,0,0.2,1.0,1.0,supported,0,supported,
okf,full,alias,Q035,"Starting with Kubernetes 1.24, which component is no longer responsible for managing CNI plugins?",The kubelet is no longer responsible for managing CNI plugins.,single,extend-kubernetes__compute-storage-net__network-plugins.md,"The kubelet is no longer responsible for managing CNI plugins starting with Kubernetes 1.24.

SOURCES: [concept: /procedure/managing_cni_plugins_in_kubernetes.md], [concept: /definition/kubernetes_node_components_overview.md]",procedure/managing_cni_plugins_in_kubernetes.md|component/kubernetes_network_plugins.md|mechanism/kubernetes_network_model_implementation.md|metric/cni_specification_version.md|implementation/pod_network_implementation_cni.md|model/kubernetes_network_model.md|policy/garbage_collection_in_kubernetes.md|definition/kubernetes_node_components_overview.md,8,5,3,expanded,1080,0.0138,40.2473,0,0,0.8181818181818181,1.0,1.0,supported,0,supported,
okf,full,alias,Q036,Which interface must every Kubernetes container runtime provide for each Pod sandbox?,The loopback interface (lo).,single,extend-kubernetes__compute-storage-net__network-plugins.md,"The Kubernetes Container Runtime Interface (CRI) is the interface that every Kubernetes container runtime must provide for each Pod sandbox.

SOURCES: [entity/container_runtime_1.md], [mechanism/kubernetes_network_model_implementation.md]",entity/runtimeclass.md|role/primary_interface_for_kubernetes_objects.md|entity/worker_node.md|component/kubernetes_network_plugins.md|classification/kubernetes_cluster_networking_types.md|tool/kubectl_command_line_tool.md|policy/garbage_collection_in_kubernetes.md|plugin/gangscheduling_plugin.md|definition/kubernetes_node_components_overview.md,9,5,4,expanded,1218,0.0123,69.3531,0,0,0.0952380952380952,0.0,0.0,supported,0,supported,
okf,full,alias,Q037,What are the four networking problems identified in Kubernetes cluster networking?,"Container-to-container, Pod-to-Pod, Pod-to-Service, and External-to-Service communication.",single,cluster-administration__networking.md,"Kubernetes addresses 4 distinct networking problems:

1. Highly-coupled container-to-container communications
2. Pod-to-Pod communications
3. Pod-to-Service communications
4. External-to-Service communications

SOURCES: [concept: /overview/kubernetes_networking_problems.md], [concept: /policy/kubernetes_cluster_networking_requirements.md]",overview/kubernetes_networking_problems.md|policy/kubernetes_cluster_networking_requirements.md|classification/kubernetes_cluster_networking_types.md|model/kubernetes_network_model.md|definition/kubernetes_cluster_architecture.md|policy/garbage_collection_in_kubernetes.md|component/kubernetes_network_plugins.md|resource/cluster_networking.md|plugin/gangscheduling_plugin.md,9,5,4,expanded,1369,0.0127,77.391,0,0,0.32,1.0,1.0,supported,0,supported,
okf,full,alias,Q038,Which Kubernetes component assigns IP addresses to Services?,The kube-apiserver assigns IP addresses to Services.,single,cluster-administration__networking.md,"The kube-apiserver is configured to assign IP addresses to Services.

SOURCES: [concept: /configuration/kubernetes_ip_address_allocation.md], [concept: /classification/kubernetes_cluster_networking_types.md]",configuration/kubernetes_ip_address_allocation.md|entity/kubernetes_service.md|classification/kubernetes_cluster_networking_types.md|definition/service_discovery_in_kubernetes.md|component/kubernetes_network_plugins.md|policy/garbage_collection_in_kubernetes.md|list/kubernetes_service_discovery.md|concept/pod_definition.md|procedure/configuring_load_balancing_and_services.md,9,5,4,expanded,1294,0.0123,69.3924,0,0,0.6666666666666667,1.0,1.0,supported,0,,
okf,full,alias,Q039,Which IP family configurations are officially supported by Kubernetes clusters?,"IPv4-only, IPv6-only, and dual-stack (IPv4/IPv6 or IPv6/IPv4).",single,cluster-administration__networking.md,"IPv4 only, IPv6 only, and IPv4/IPv6 dual-stack.

SOURCES: classification/kubernetes_cluster_networking_types.md, configuration/kubernetes_ip_address_allocation.md",classification/kubernetes_cluster_networking_types.md|configuration/kubernetes_ip_address_allocation.md|policy/dual_stack_networking_policy.md|policy/kubernetes_cluster_networking_requirements.md|overview/kubernetes_networking_problems.md|definition/kubernetes_cluster_architecture.md|policy/garbage_collection_in_kubernetes.md|procedure/configuring_load_balancing_and_services.md|plugin/gangscheduling_plugin.md,9,5,4,expanded,1426,0.0123,77.0342,0,0,0.4285714285714285,1.0,1.0,supported,0,supported,
okf,full,alias,Q040,Which Kubernetes feature automatically restarts failed containers according to the restartPolicy?,Kubernetes self-healing.,single,architecture__self-healing.md,"Replica Replacement is not directly related to restarting failed containers. However, Replica Replacement can be used in conjunction with a Deployment's restart policy to achieve similar results.

SOURCES: [concept: /capability/replica_replacement.md], [concept: /policy/pod_failure_policy.md]",policy/pod_failure_policy.md|capability/persistent_storage_recovery.md|capability/replica_replacement.md|capability/service_load_balancing_for_self_healing.md|philosophy/kubernetes_state_management.md|entity/node.md|metric/terminating_status_in_persistentvolumes.md|entity/worker_node.md|policy/garbage_collection_in_kubernetes.md,9,5,4,expanded,962,0.0122,59.2659,0,0,0.0,1.0,1.0,supported,0,unsupported,
okf,full,alias,Q041,Which Kubernetes controller is responsible for replacing failed Pods in a Deployment?,The Deployment controller (through ReplicaSets) creates replacement Pods to maintain the desired number of replicas.,single,architecture__self-healing.md,"The Deployment controller is responsible for replacing failed Pods in a Deployment. It creates replacement Pods to maintain the specified number of replicas.

SOURCES: [concept: /capability/replica_replacement.md], [concept: /deployment/running_kubernetes_controllers.md]",capability/replica_replacement.md|policy/pod_failure_policy.md|design_principle/controller_design_principles.md|deployment/running_kubernetes_controllers.md|mechanism/api_server_control.md|policy/garbage_collection_in_kubernetes.md|component/kube_controller_manager.md,7,5,2,expanded,1734,0.0125,94.613,0,0,0.6060606060606061,1.0,1.0,supported,0,supported,
okf,full,alias,Q042,Which Kubernetes component restarts failed containers according to restartPolicy?,The kubelet restarts failed containers based on the Pod's restartPolicy.,single,architecture__self-healing.md,"INSUFFICIENT CONTEXT
SOURCES:",policy/pod_failure_policy.md|capability/replica_replacement.md|capability/persistent_storage_recovery.md|entity/kubernetes_components.md|entity/kubernetes_service.md|entity/node.md|metric/terminating_status_in_persistentvolumes.md|entity/worker_node.md|policy/garbage_collection_in_kubernetes.md,9,5,4,expanded,895,0.0123,48.4247,1,0,0.0,1.0,,abstained,0,,
okf,full,alias,Q043,What happens to a PersistentVolume when a node running its Pod fails?,Kubernetes can reattach the PersistentVolume to a replacement Pod running on another node.,single,architecture__self-healing.md,Kubernetes can reattach the volume to a new Pod on a different node. [SOURCES: /capability/persistent_storage_recovery.md],metric/terminating_status_in_persistentvolumes.md|capability/persistent_storage_recovery.md|policy/pod_failure_policy.md|capability/replica_replacement.md|definition/disruption_mode.md|entity/node.md|entity/worker_node.md|policy/garbage_collection_in_kubernetes.md|entity/deployment.md,9,5,4,expanded,868,0.0121,50.5153,0,0,0.6666666666666666,1.0,1.0,supported,0,supported,
okf,full,alias,Q044,Why does Kubernetes remove failed Pods from a Service's endpoints?,To ensure traffic is routed only to healthy Pods.,single,architecture__self-healing.md,"Kubernetes automatically removes a Pod behind a Service from the Service's endpoints to route traffic only to healthy Pods if it fails.

SOURCES: [concept: /capability/service_load_balancing_for_self_healing.md], [concept: /policy/garbage_collection_in_kubernetes.md]",capability/service_load_balancing_for_self_healing.md|policy/pod_failure_policy.md|capability/replica_replacement.md|policy/api_server_behavior_in_kubernetes.md|metric/terminating_status_in_persistentvolumes.md|entity/deployment.md|entity/statefulset.md|policy/garbage_collection_in_kubernetes.md|entity/daemonset.md,9,5,4,expanded,925,0.0124,56.2673,0,0,0.4285714285714285,1.0,1.0,supported,0,,
okf,full,alias,Q045,What is the primary purpose of cluster-level logging?,To collect and store container logs in a centralized location for searching and analysis.,single,architecture.md,"Cluster-level logging provides a security-relevant, chronological set of records documenting the sequence of actions in a cluster.

SOURCES: [concept: /guide/kubernetes_logging_and_monitoring.md], [concept: /procedure/auditing_cluster_activities.md]",guide/kubernetes_logging_and_monitoring.md|procedure/auditing_cluster_activities.md|procedure/cluster_security.md|procedure/snapshotting_cluster_state.md|concept/garbage_collection.md|definition/podgroup.md|policy/garbage_collection_in_kubernetes.md|definition/auditing.md|policy/finalizer_purpose.md,9,5,4,expanded,694,0.0119,41.214,0,0,0.074074074074074,0.0,1.0,supported,0,contradicted,
okf,full,alias,Q046,Which component is considered the primary interface for managing Kubernetes resources from the command line?,kubectl is the primary command-line interface for managing Kubernetes resources.,single,overview__kubectl.md,"The `[kubectl](/tool/kubectl_command_line_tool.md)` tool is the primary interface for creating, inspecting, updating, and deleting [Kubernetes](/policy/garbage_collection_in_kubernetes.md) objects.

SOURCES: /role/primary_interface_for_kubernetes_objects.md",tool/kubectl_command_line_tool.md|role/primary_interface_for_kubernetes_objects.md|entity/kubernetes_components.md|operations/supported_operations_by_kubectl.md|entity/kubernetes_service.md|policy/garbage_collection_in_kubernetes.md|entity/kubernetes_api.md|definition/kubernetes_cluster_architecture.md|policy/api_server_behavior_in_kubernetes.md,9,5,4,expanded,900,0.0125,53.7185,0,0,0.3636363636363637,1.0,1.0,supported,0,supported,
okf,full,alias,Q047,What command allows users to switch between Kubernetes contexts?,kubectl config use-context.,single,overview__kubectl.md,"INSUFFICIENT CONTEXT
SOURCES:",entity/namespaces_in_kubernetes.md|objectmanagement/managing_kubernetes_objects_with_kubectl.md|procedure/defining_topology_constraints.md|procedure/switch_services_between_single_stack_and_dual_stack.md|entity/addon.md|entity/topology_constraint.md|definition/podgroup.md|policy/garbage_collection_in_kubernetes.md|entity/node.md,9,5,4,expanded,861,0.0122,3.33,1,0,0.0,1.0,,abstained,0,,
okf,full,alias,Q048,Which Kubernetes resource field uniquely identifies an object across the entire cluster?,The UID field uniquely identifies an object across the cluster.,single,overview__working-with-objects__names.md,"The combination of API group, Resource type, Namespace, and Name uniquely identifies objects.

SOURCES: [concept: /definition/api_group_resource_type_namespace_and_name.md], [Kubernetes](/policy/garbage_collection_in_kubernetes.md)",definition/api_group_resource_type_namespace_and_name.md|entity/kubernetes_components.md|metric/cluster_wide_domain.md|procedure/generating_unique_names.md|definition/service_discovery_in_kubernetes.md|policy/garbage_collection_in_kubernetes.md|list/kubernetes_service_discovery.md|concept/pod_definition.md|procedure/configuring_load_balancing_and_services.md,9,5,4,expanded,868,0.0121,50.5014,0,0,0.2105263157894737,1.0,0.5,supported,0,supported,
okf,full,alias,Q049,Why are labels used instead of names when grouping Kubernetes resources?,Labels allow grouping and selection of multiple resources that may not have unique names.,single,overview__working-with-objects__owners-dependents.md,"Labels are used to group Kubernetes resources because they allow for more flexibility and scalability than using names. Names can be unique only within a namespace, but labels can be applied across multiple namespaces and even across clusters.

SOURCES: [concept: /definition/owner_references_vs_labels_and_selectors.md], [concept: /entity/namespaces_in_kubernetes.md]",definition/api_group_resource_type_namespace_and_name.md|procedure/generating_unique_names.md|definition/owner_references_vs_labels_and_selectors.md|entity/namespaces_in_kubernetes.md|procedure/defining_topology_constraints.md|policy/garbage_collection_in_kubernetes.md|entity/api_group.md|resource/cluster_resources.md|entity/topology_constraint.md,9,5,4,expanded,974,0.0125,56.2737,0,0,0.2745098039215686,1.0,1.0,supported,0,,
okf,full,alias,Q050,What scheduling phases does kube-scheduler perform before binding a Pod to a node?,Filtering followed by Scoring.,single,scheduling-eviction__kube-scheduler.md,"The filtering step is performed in the kube-scheduler selection process, which involves filtering and scoring steps. However, the specific scheduling phases performed by kube-scheduler before binding a Pod to a node are not explicitly stated in the provided context.

SOURCES: [concept: /procedure/kube_scheduler_selection_process.md], [concept: /procedure/filtering_step_in_kube_scheduler.md]

ANSWER: INSUFFICIENT CONTEXT",procedure/binding_in_kube_scheduler.md|procedure/kube_scheduler_selection_process.md|procedure/filtering_step_in_kube_scheduler.md|procedure/scheduling_with_workload_aware_preemption.md|process/podgroup_scheduling_process.md|policy/kubernetes_scheduling_overview.md|entity/node.md|definition/kubernetes_cluster_architecture.md|concept/pod_definition.md,9,5,4,expanded,998,0.0143,63.0508,1,0,0.1621621621621621,1.0,0.5,abstained,0,supported,
okf,full,alias,Q051,"If a network plugin completely implements Service packet forwarding, which Kubernetes component becomes optional and why?",A network plugin that provides Service packet forwarding eliminates the need to run kube-proxy because it already provides equivalent Service networking behavior.,multi,architecture.md;extend-kubernetes__compute-storage-net__network-plugins.md,"If a network plugin completely implements Service packet forwarding, the `[kube-proxy](/component/kube_proxy.md)` component becomes optional because it is responsible for proxying traffic to Services, but if the network plugin already provides this functionality, then `kube-proxy` is no longer needed.

SOURCES: [concept: /component/kubernetes_network_plugins.md], [concept: /component/kube_proxy.md]",component/kubernetes_network_plugins.md|overview/kubernetes_networking_problems.md|mechanism/kubernetes_network_model_implementation.md|model/kubernetes_network_model.md|policy/dual_stack_networking_policy.md|classification/kubernetes_cluster_networking_types.md|definition/kubernetes_cluster_architecture.md|policy/kubernetes_cluster_networking_requirements.md|definition/api_group_resource_type_namespace_and_name.md,9,5,4,expanded,1504,0.0132,85.7529,0,0,0.4,1.0,0.5,supported,0,,
okf,full,alias,Q052,"When kubectl creates a Deployment, which Kubernetes component receives the request first and which datastore ultimately stores the cluster state?","kubectl sends requests to the kube-apiserver, which stores the cluster state in etcd.",multi,overview__kubectl.md;overview__components.md,"The API server receives the request first. The controller manager is responsible for processing the request and updating the cluster state, but it does not directly store the state. Instead, the cluster state is stored in etcd, a distributed key-value database that serves as the central datastore for Kubernetes clusters.

SOURCES: [concept: /objectmanagement/managing_kubernetes_objects_with_kubectl.md], [concept: /pattern/kubernetes_controller_pattern.md]",entity/kubernetes_components.md|philosophy/kubernetes_state_management.md|definition/kubernetes_architecture.md|objectmanagement/managing_kubernetes_objects_with_kubectl.md|definition/kubernetes_architecture_deployment_variations.md|definition/kubernetes_cluster_architecture.md|policy/api_server_behavior_in_kubernetes.md|pattern/kubernetes_controller_pattern.md|tool/kubectl_command_line_tool.md,9,5,4,expanded,1542,0.0146,86.1048,0,0,0.1538461538461538,0.5,1.0,supported,0,,
okf,full,alias,Q053,"Which component decides where a Pod should run, and which component ensures it actually runs there?","The kube-scheduler selects the node, and the kubelet ensures the Pod is running on that node.",multi,scheduling-eviction__kube-scheduler.md;overview__components.md,"The scheduler performs the decision of where a Pod should run. The kubelet is responsible for ensuring the Pod actually runs on the node.

SOURCES: [concept: /procedure/default_pod_preemption.md], [concept: /entity/container_runtime_1.md]",entity/worker_node.md|procedure/default_pod_preemption.md|procedure/finding_feasible_placements.md|procedure/specify_pod_runtime_using_a_runtime_class.md|procedure/understanding_the_podgroup_lifecycle.md|entity/container_runtime_1.md|entity/runtimeclass.md|definition/api_group_resource_type_namespace_and_name.md|concept/scheduling.md,9,5,4,expanded,799,0.0124,48.2808,0,0,0.3333333333333333,0.5,1.0,supported,0,,
okf,full,alias,Q054,"Which component determines the desired state for a Job, and which controller creates the Pods required to satisfy it?","The Job object defines the desired state, and the Job controller creates the Pods needed to complete the Job.",multi,architecture__controller.md;overview__components.md,"The `Job` controller determines the desired state for a Job. The `Job` controller tells the API server to create or remove Pods to get the work done.

SOURCES: [concept: /mechanism/api_server_control.md], [concept: /pattern/kubernetes_controller_pattern.md]",procedure/understanding_the_relationship_between_controllers_workloads.md|procedure/controller_managed_and_user_managed_podgroups.md|mechanism/api_server_control.md|policy_type/basic_policy.md|procedure/workload_resource_management.md|component/kube_controller_manager.md|policy/garbage_collection_in_kubernetes.md|pattern/kubernetes_controller_pattern.md|policy/api_server_behavior_in_kubernetes.md,9,5,4,expanded,1567,0.0134,86.4391,0,0,0.4571428571428571,0.5,1.0,supported,0,supported,
okf,full,alias,Q055,"When a user deletes a PersistentVolume that is still being used by a Pod, which Kubernetes mechanism prevents immediate deletion and why?",The pv-protection finalizer prevents deletion until the volume is no longer in use.,multi,overview__working-with-objects__finalizers.md;overview__working-with-objects__owners-dependents.md,"The Kubernetes mechanism that prevents immediate deletion of a PersistentVolume (PV) when it's still being used by a Pod is the finalizer. This is because the PV remains in the `Terminating` status until the finalizer clears it, which only happens after the PV is no longer bound to a Pod.

SOURCES: /metric/terminating_status_in_persistentvolumes.md, /procedure/using_finalizers_in_kubernetes.md",metric/terminating_status_in_persistentvolumes.md|capability/persistent_storage_recovery.md|policy/api_server_behavior_in_kubernetes.md|policy/deletion_protection_of_podgroups.md|definition/kubernetes_cascading_deletion.md|entity/node.md|entity/worker_node.md|policy/garbage_collection_in_kubernetes.md|procedure/using_finalizers_in_kubernetes.md,9,5,4,expanded,1058,0.0144,69.1521,0,0,0.3076923076923077,0.5,1.0,supported,0,,
okf,full,alias,Q056,"Which component assigns IP addresses to Services, and which component forwards traffic to those Services?","The kube-apiserver assigns Service IP addresses, while kube-proxy (or an equivalent network plugin) forwards traffic.",multi,cluster-administration__networking.md;architecture.md,"The kube-apiserver is configured to assign IP addresses to Services. The service proxy implementation programs the data plane to route service traffic to its backends.

SOURCES: [concept: /configuration/kubernetes_ip_address_allocation.md], [concept: /implementation/service_proxy_implementation.md]",implementation/service_proxy_implementation.md|api/service_api.md|configuration/kubernetes_ip_address_allocation.md|api/gateway_api.md|api_kind/gateway.md|api/gateway_api_overview.md|procedure/configuring_load_balancing_and_services.md|entity/kubernetes_service.md|definition/kubernetes_cluster_architecture.md,9,5,4,expanded,894,0.0132,51.6186,0,0,0.2857142857142857,1.0,1.0,supported,0,supported,
okf,full,alias,Q057,How does Kubernetes ensure that Pods continue running after the scheduler assigns them to a node?,"The scheduler binds the Pod to a node, and the kubelet continuously monitors and restarts containers if necessary.",multi,scheduling-eviction__kube-scheduler.md;architecture__self-healing.md,"The control plane manages the worker nodes and the Pods in the cluster, providing fault-tolerance and high availability. This ensures that if one node fails or is re-created, the Pods can be scheduled on another available node.

SOURCES: [concept: /definition/kubernetes_cluster_architecture.md], [concept: /policy/garbage_collection_in_kubernetes.md]",procedure/binding_in_kube_scheduler.md|procedure/kube_scheduler_selection_process.md|entity/worker_node.md|procedure/filtering_step_in_kube_scheduler.md|procedure/scheduling_with_workload_aware_preemption.md|policy/kubernetes_scheduling_overview.md|entity/node.md|definition/kubernetes_cluster_architecture.md|concept/pod_definition.md,9,5,4,expanded,927,0.0131,57.3668,0,0,0.1739130434782608,0.5,0.5,supported,0,,
okf,full,alias,Q058,"If a RuntimeClass specifies scheduling constraints, which Kubernetes component enforces those constraints during Pod placement?","The RuntimeClass defines scheduling constraints, and the kube-scheduler enforces them when selecting a node.",multi,containers__runtime-class.md;scheduling-eviction__kube-scheduler.md,"The placement-based PodGroup scheduling algorithm interprets the `schedulingConstraints` field declared by a PodGroup (or PodGroupTemplate). Therefore, it is this algorithm that enforces the specified scheduling constraints.

SOURCES: [concept: /procedure/api_configuration_scheduling_constraints.md], [concept: /entity/runtimeclass.md]",procedure/api_configuration_scheduling_constraints.md|entity/runtimeclass.md|procedure/scheduling_with_workload_aware_preemption.md|policy/kubernetes_scheduling_overview.md|policy/podgroup_scheduling_policies.md|definition/podgroup.md|entity/podgrouptemplate.md|procedure/understanding_the_gang_scheduling_algorithm.md|policy/garbage_collection_in_kubernetes.md,9,5,4,expanded,837,0.0126,53.8789,0,0,0.1818181818181818,0.5,1.0,supported,0,,
okf,full,alias,Q059,"Which Kubernetes mechanism identifies dependent resources for deletion, and which mechanism can delay that deletion until cleanup is complete?","Owner references identify dependent resources, while finalizers delay deletion until cleanup tasks finish.",multi,overview__working-with-objects__owners-dependents.md;overview__working-with-objects__finalizers.md,"The Kubernetes mechanism that identifies dependent resources for deletion is the owner references. The mechanism that can delay deletion until cleanup is complete is finalizers.

SOURCES: [concept: /definition/kubernetes_owner_references.md], [concept: /procedure/foreground_cascading_deletion_process.md]",procedure/deleting_resources_in_kubernetes.md|policy/api_server_behavior_in_kubernetes.md|definition/kubernetes_garbage_collection_purpose.md|definition/orphaned_kubernetes_dependents.md|definition/kubernetes_owner_references.md|procedure/foreground_cascading_deletion_process.md|definition/foreground_and_orphan_cascading_deletion.md|procedure/using_finalizers_in_kubernetes.md|pattern/kubernetes_controller_pattern.md,9,5,4,expanded,1793,0.0136,99.799,0,0,0.5142857142857142,0.5,1.0,supported,0,,
okf,full,alias,Q060,"Which component receives HTTPS requests from nodes, and which credentials are commonly used by kubelets to authenticate?","The kube-apiserver receives the HTTPS requests, and kubelets commonly authenticate using client certificates.",multi,architecture__control-plane-node-communication.md;overview__components.md,"The kubelet process on each node in the cluster receives HTTPS requests from the API server. Kubelets use their own kubeconfig file or a certificate bundle provided through the `--kubelet-certificate-authority` flag to authenticate.

SOURCES: [concept: /communication_path/api_server_to_kubelet_communication.md], [concept: /definition/kubernetes_node_components_overview.md]",definition/authentication_module.md|definition/kubernetes_authentication_and_authorization.md|authentication/authentication_with_kubeconfig_file.md|procedure/configuring_authentication_modules.md|communication_path/api_server_to_kubelet_communication.md|tool/kubectl_command_line_tool.md|policy/api_server_behavior_in_kubernetes.md|definition/kubernetes_node_components_overview.md|concept/pod_definition.md,9,5,4,expanded,1195,0.0146,12.842,0,0,0.2564102564102564,0.5,1.0,supported,0,,
okf,full,alias,Q061,"A Pod is waiting to be scheduled. Which component selects the node, and through which API component is the binding recorded?","The kube-scheduler selects the node, and the kube-apiserver records the binding in the cluster state.",multi,scheduling-eviction__kube-scheduler.md;overview__components.md,"The kube-scheduler selects the node. The binding is recorded through the API server in a process called _binding_.

SOURCES: [concept: /procedure/binding_in_kube_scheduler.md], [concept: /policy/kubernetes_scheduling_overview.md]",procedure/binding_in_kube_scheduler.md|entity/podgroup_api_resource.md|procedure/kube_scheduler_selection_process.md|procedure/specify_node_selectors_for_a_pod.md|process/podgroup_scheduling_process.md|policy/kubernetes_scheduling_overview.md|entity/node.md|definition/kubernetes_cluster_architecture.md|concept/pod_definition.md,9,5,4,expanded,1013,0.0131,61.4569,0,0,0.4347826086956522,0.5,1.0,supported,0,,
okf,full,alias,Q062,"Which component receives kubectl requests, and where is the resulting cluster state permanently stored?","kubectl sends requests to the kube-apiserver, which persists the cluster state in etcd.",multi,overview__kubectl.md;overview__components.md,"The API server receives kubectl requests. The resulting cluster state is not explicitly stated to be permanently stored anywhere in the provided context.

SOURCES: [concept: /entity/kubernetes_components.md], [concept: /authentication/authentication_with_kubeconfig_file.md], [concept: /tool/kubectl_command_line_tool.md]",entity/kubernetes_components.md|authentication/authentication_with_kubeconfig_file.md|philosophy/kubernetes_state_management.md|metric/terminating_status_in_persistentvolumes.md|definition/kubernetes_cluster_architecture.md|tool/kubectl_command_line_tool.md|policy/api_server_behavior_in_kubernetes.md|policy/garbage_collection_in_kubernetes.md|procedure/using_finalizers_in_kubernetes.md,9,5,4,expanded,1037,0.0147,59.4223,0,0,0.3870967741935483,0.5,1.0,supported,0,,
okf,full,alias,Q063,"If a cloud-hosted node becomes unresponsive because the VM was deleted, which controller detects this and what action does it take?",The cloud-controller-manager's Node controller checks the cloud provider API and removes the corresponding Kubernetes Node object if the VM has been deleted.,multi,architecture__cloud-controller.md;architecture.md,"The Node Controller detects this situation and deletes the corresponding Node object from the Kubernetes cluster. 

SOURCES: /procedure/node_controller_functions.md, /component/cloud_controller_manager.md",procedure/node_controller_functions.md|component/cloud_controller_manager.md|policy/pod_failure_policy.md|metric/terminating_status_in_persistentvolumes.md|policy/api_server_behavior_in_kubernetes.md|component/kube_controller_manager.md|entity/node.md|entity/worker_node.md|pattern/kubernetes_controller_pattern.md,9,5,4,expanded,1630,0.0143,85.4657,0,0,0.4516129032258064,1.0,1.0,supported,0,supported,
okf,full,alias,Q064,How does Kubernetes maintain application availability when a Pod in a Deployment fails after it has already been scheduled?,"The Deployment controller creates a replacement Pod, and the kube-scheduler assigns the replacement Pod to a suitable node.",multi,architecture__self-healing.md;scheduling-eviction__kube-scheduler.md,"If a Pod in a Deployment fails, Kubernetes creates a replacement Pod to maintain the specified number of replicas. This ensures that the application remains available and running even if one of its Pods fails.

SOURCES: [concept: /capability/replica_replacement.md], [concept: /entity/deployment.md]",policy/pod_failure_policy.md|capability/replica_replacement.md|metric/terminating_status_in_persistentvolumes.md|capability/persistent_storage_recovery.md|capability/service_load_balancing_for_self_healing.md|entity/node.md|entity/worker_node.md|policy/garbage_collection_in_kubernetes.md|entity/deployment.md,9,5,4,expanded,873,0.0137,55.3022,0,0,0.3255813953488372,0.5,1.0,supported,0,,
okf,full,alias,Q065,"Which component provides DNS-based Service discovery, and which networking component enables traffic to reach the Service?","The DNS addon provides Service discovery, while kube-proxy or an equivalent network plugin enables Service traffic routing.",multi,architecture.md;extend-kubernetes__compute-storage-net__network-plugins.md,"CoreDNS is a flexible, extensible DNS server which can be installed as the in-cluster DNS for pods. This allows applications to communicate with each other without needing to know their IP addresses or ports.

SOURCES: [concept: /list/kubernetes_service_discovery.md], [concept: /api/gateway_api.md]",list/kubernetes_service_discovery.md|api/gateway_api.md|implementation/service_proxy_implementation.md|definition/service_discovery_in_kubernetes.md|api/service_api.md|api/gateway_api_overview.md|procedure/configuring_load_balancing_and_services.md|policy/garbage_collection_in_kubernetes.md|concept/pod_definition.md,9,5,4,expanded,794,0.0131,50.3003,0,0,0.0851063829787234,0.0,1.0,supported,0,supported,
okf,full,alias,Q066,"A RuntimeClass restricts Pods to certain nodes. Which resource defines the restriction, and which component enforces it?","The RuntimeClass resource defines the scheduling constraints, and kube-scheduler enforces them during scheduling.",multi,containers__runtime-class.md;scheduling-eviction__kube-scheduler.md,"The `RuntimeClass` restricts Pods to certain nodes by defining a node affinity rule in the Pod specification. The Kubernetes scheduler enforces this restriction.

SOURCES: [concept: /procedure/configure_node_affinity_for_a_pod.md], [concept: /entity/runtimeclass.md]",entity/runtimeclass.md|procedure/specify_pod_runtime_using_a_runtime_class.md|procedure/configure_node_affinity_for_a_pod.md|policy/deletion_protection_of_podgroups.md|procedure/api_configuration_scheduling_constraints.md|definition/podgroup.md|entity/podgrouptemplate.md|procedure/understanding_the_gang_scheduling_algorithm.md|entity/container_runtime_1.md,9,5,4,expanded,778,0.0129,49.8411,0,0,0.1333333333333333,0.0,1.0,supported,0,supported,
okf,full,alias,Q067,"When kubectl runs inside a Pod instead of on a user's workstation, what authentication method is used and which API component processes the request?","kubectl uses the mounted ServiceAccount token for in-cluster authentication, and the kube-apiserver processes the request.",multi,overview__kubectl.md;architecture__control-plane-node-communication.md,"When kubectl runs inside a Pod, it uses the ServiceAccount associated with the Pod for authentication. The API server processes the request.

SOURCES: [concept: /procedure/access_control.md], [concept: /tool/kubectl_command_line_tool.md]",authentication/authentication_with_kubeconfig_file.md|definition/kubernetes_authentication_and_authorization.md|definition/authentication_module.md|procedure/configuring_authentication_modules.md|policy/kubernetes_api_access_control.md|entity/kubernetes_api.md|policy/garbage_collection_in_kubernetes.md|procedure/access_control.md|tool/kubectl_command_line_tool.md,9,5,4,expanded,755,0.0143,43.4651,0,0,0.4827586206896552,0.5,1.0,supported,0,abstained,
okf,full,alias,Q068,"If foreground cascading deletion is used, which Kubernetes feature delays deletion until cleanup completes, and what mechanism identifies which dependent objects must be cleaned up?","Finalizers delay deletion until cleanup is complete, while owner references identify the dependent objects.",multi,overview__working-with-objects__finalizers.md;overview__working-with-objects__owners-dependents.md,"Foreground cascading deletion uses the [finalizer](/procedure/using_finalizers_in_kubernetes.md) mechanism to identify which dependent objects must be cleaned up. The finalizer is set to `foregroundDeletion` when an object is marked for foreground deletion, and it delays deletion until cleanup completes.

SOURCES: foreground_and_orphan_cascading_deletion.md, foreground_cascading_deletion_process.md",definition/foreground_and_orphan_cascading_deletion.md|definition/kubernetes_cascading_deletion.md|definition/orphaned_kubernetes_dependents.md|procedure/deleting_resources_in_kubernetes.md|definition/kubernetes_owner_references.md|procedure/foreground_cascading_deletion_process.md|procedure/using_finalizers_in_kubernetes.md|pattern/kubernetes_controller_pattern.md|procedure/configuring_owner_relationships_manually.md,9,5,4,expanded,1735,0.0149,97.179,0,0,0.2978723404255319,0.5,1.0,supported,0,,
okf,full,alias,Q069,"When a Pod becomes unschedulable because no node has sufficient resources, which scheduling phase fails and what happens next?","The filtering phase fails to find any feasible nodes, so the Pod remains unscheduled until resources become available.",multi,scheduling-eviction__kube-scheduler.md;overview__components.md,"INSUFFICIENT CONTEXT

SOURCES: /metric/podgroupscheduled_condition_1.md, /concept:/entity/feasible_nodes.md, /concept:/policy/podgroup_scheduling_cycle.md, /metric/podgroupscheduled_condition.md, /procedure/api_configuration_scheduling_constraints.md, /definition/podgroup.md, /entity/podgrouptemplate.md, /procedure/understanding_the_gang_scheduling_algorithm.md, /condition/quorum_condition.md",metric/podgroupscheduled_condition_1.md|entity/feasible_nodes.md|policy/podgroup_scheduling_cycle.md|metric/podgroupscheduled_condition.md|procedure/api_configuration_scheduling_constraints.md|definition/podgroup.md|entity/podgrouptemplate.md|procedure/understanding_the_gang_scheduling_algorithm.md|condition/quorum_condition.md,9,5,4,expanded,772,0.014,55.4103,1,0,0.0,0.5,0.7777777777777778,abstained,0,,
okf,full,alias,Q070,"Which Kubernetes mechanism assigns Service IP addresses, and which component exposes those Services on cluster nodes?","The kube-apiserver assigns Service IP addresses, while kube-proxy exposes and routes traffic to those Services.",multi,cluster-administration__networking.md;overview__components.md,"The kube-apiserver assigns Service IP addresses. The [kube-proxy](/component/kube_proxy.md) component exposes those Services on cluster nodes.

SOURCES: [concept: /definition/kubernetes_node_components_overview.md], [concept: /procedure/configuring_load_balancing_and_services.md]",configuration/kubernetes_ip_address_allocation.md|classification/kubernetes_cluster_networking_types.md|definition/kubernetes_cluster_architecture.md|entity/kubernetes_service.md|entity/kubernetes_components.md|policy/garbage_collection_in_kubernetes.md|procedure/configuring_load_balancing_and_services.md|plugin/gangscheduling_plugin.md|definition/kubernetes_node_components_overview.md,9,5,4,expanded,1476,0.0132,83.3461,0,0,0.5925925925925927,0.5,1.0,supported,0,supported,
okf,full,alias,Q071,"How does Kubernetes ensure secure communication from a node to the control plane, and which component terminates those API connections?","Nodes communicate over HTTPS using client credentials, and the kube-apiserver terminates the secure API connections.",multi,architecture__control-plane-node-communication.md;overview__components.md,"Kubernetes ensures secure communication from a node to the control plane by configuring the API server to listen on a secure HTTPS port (typically 443) with client authentication and authorization enabled. The kubelet on each node is provisioned with valid client credentials, such as a client certificate, which allows it to connect securely to the API server.

SOURCES: [concept: /communication_pattern/node_to_control_plane_communication.md], [concept: /policy/api_server_behavior_in_kubernetes.md]",communication_pattern/node_to_control_plane_communication.md|policy/kubernetes_api_access_control.md|policy/kubernetes_api_server_tls_configuration.md|definition/kubernetes_authentication_and_authorization.md|entity/kubernetes_api.md|policy/garbage_collection_in_kubernetes.md|procedure/access_control.md|definition/kubernetes_cluster_architecture.md|policy/api_server_behavior_in_kubernetes.md,9,5,4,expanded,1313,0.0133,78.0444,0,0,0.1904761904761904,0.5,1.0,supported,0,supported,
okf,full,alias,Q072,"When a Job is created using kubectl, which component creates the Job resource and which controller creates the Pods needed to execute it?","kubectl creates the Job through the kube-apiserver, and the Job controller creates the Pods.",multi,overview__kubectl.md;architecture__controller.md,"When a Job is created using kubectl, the API server creates the Job resource. The Job controller then tells the API server to create or remove Pods as necessary to complete the job.

SOURCES: [concept: /mechanism/api_server_control.md], [concept: /component/kube_controller_manager.md]",entity/kubernetes_job_resource.md|mechanism/api_server_control.md|entity/worker_node.md|entity/job.md|deployment/running_kubernetes_controllers.md|policy/garbage_collection_in_kubernetes.md|component/kube_controller_manager.md|pattern/kubernetes_controller_pattern.md|component/controller_roles_in_self_healing.md,9,5,4,expanded,1635,0.0136,92.3946,0,0,0.3243243243243243,0.5,1.0,supported,0,,
okf,full,alias,Q073,"If a PersistentVolume is still attached to a running Pod when deletion is requested, what prevents immediate deletion and which relationship helps Kubernetes determine the dependent resources?","The pv-protection finalizer prevents deletion, while owner references identify dependent resources.",multi,overview__working-with-objects__finalizers.md;overview__working-with-objects__owners-dependents.md,"The PersistentVolume remains in the `Terminating` status until [Kubernetes](/policy/garbage_collection_in_kubernetes.md) clears the [finalizer](/procedure/using_finalizers_in_kubernetes.md), which only happens after the `PersistentVolume` is no longer bound to a Pod. The relationship between the PersistentVolume and the Pod helps Kubernetes determine the dependent resources.

SOURCES: [concept: /metric/terminating_status_in_persistentvolumes.md], [concept: /procedure/deleting_resources_in_kubernetes.md]",metric/terminating_status_in_persistentvolumes.md|capability/persistent_storage_recovery.md|procedure/deleting_resources_in_kubernetes.md|definition/orphaned_kubernetes_dependents.md|policy/api_server_behavior_in_kubernetes.md|entity/node.md|entity/worker_node.md|policy/garbage_collection_in_kubernetes.md|procedure/foreground_cascading_deletion_process.md,9,5,4,expanded,1254,0.0142,17.289,0,0,0.1,0.5,1.0,supported,0,supported,
okf,full,alias,Q074,"Which Kubernetes component continuously watches for newly created Pods without assigned nodes, and which node-level component ultimately starts the containers?","The kube-scheduler watches for unscheduled Pods, and the kubelet starts the containers on the assigned node.",multi,scheduling-eviction__kube-scheduler.md;overview__components.md,"The Kubernetes component that continuously watches for newly created Pods without assigned nodes is the [API server](/policy/api_server_behavior_in_kubernetes.md). The node-level component that ultimately starts the containers is the `[kubelet](/definition/kubernetes_node_components_overview.md)`.

SOURCES: /entity/node.md, /definition/kubernetes_cluster_architecture.md, /definition/kubernetes_node_components_overview.md",entity/worker_node.md|definition/kubernetes_node_components_overview.md|entity/kubernetes_components.md|procedure/filtering_step_in_kube_scheduler.md|procedure/default_pod_preemption.md|concept/scheduling.md|procedure/preemption.md|procedure/selecting_victims_for_preemption.md|definition/podgroup.md,9,5,4,expanded,829,0.0138,53.6124,0,0,0.3428571428571428,1.0,0.3333333333333333,supported,0,unsupported,
okf,full,alias,Q075,"A Service requires a cloud load balancer. Which controller provisions the cloud resource, and which Kubernetes object triggers this action?",The Service controller in the cloud-controller-manager provisions the load balancer when a Service requiring one is created.,multi,architecture__cloud-controller.md;architecture.md,"The Service Controller provisions the cloud resource. The Service object triggers this action.

SOURCES: component/cloud_controller_manager.md, procedure/service_controller_functions.md",procedure/service_controller_functions.md|entity/cloud_controller_manager.md|pattern/kubernetes_controller_pattern.md|mechanism/api_server_control.md|procedure/route_controller_functions.md|policy/garbage_collection_in_kubernetes.md|component/cloud_controller_manager.md|plugin/gangscheduling_plugin.md,8,5,3,expanded,1699,0.0139,84.8728,0,0,0.3478260869565217,1.0,1.0,supported,0,,
okf,full,alias,Q076,Which Kubernetes networking component is mandatory regardless of the CNI plugin because every Pod sandbox requires it?,The container runtime must provide the loopback interface (lo) for every Pod sandbox in addition to the CNI plugin.,multi,extend-kubernetes__compute-storage-net__network-plugins.md;containers__runtime-class.md,"The answer is not explicitly stated in the provided context. However, based on the information that ""some network plugins provide their own, third-party implementation of proxying, which can mean the [node](/entity/node.md) does not need to run `[kube-proxy](/component/kube_proxy.md)`"", it implies that `kube-proxy` is not always required.

However, since every Pod sandbox requires a networking component and CNI plugins are optional, we can infer that the Container Runtime Interface (CRI) or its implementation (e.g., containerd, CRI-O) is mandatory because it's responsible for running containers. But this is still an inference, and the context does not explicitly state that CRI is the required component.

SOURCES: [concept: /component/kubernetes_network_plugins.md], [concept: /mechanism/kubernetes_network_model_implementation.md]",component/kubernetes_network_plugins.md|procedure/managing_cni_plugins_in_kubernetes.md|mechanism/kubernetes_network_model_implementation.md|implementation/pod_network_implementation_cni.md|prerequisite/kubernetes_version_prerequisite.md|model/kubernetes_network_model.md|policy/garbage_collection_in_kubernetes.md|definition/kubernetes_node_components_overview.md,8,5,3,expanded,1093,0.0156,76.89,0,0,0.2037037037037037,0.5,1.0,unsupported,1,,
okf,full,alias,Q077,"When a PodGroup uses gang scheduling, which scheduler feature ensures all-or-nothing placement and which resource defines the group?","The GangScheduling scheduler plugin enforces all-or-nothing placement, and the PodGroup resource defines the group.",multi,scheduling-eviction__gang-scheduling.md;scheduling-eviction__podgroup-scheduling.md,"Gang scheduling ensures all-or-nothing placement. The number of Pods created for the PodGroup is at least equal to [minCount](/metric/mincount.md), which defines the group.

SOURCES: /feature/gang_scheduling_overview.md, /process/podgroup_scheduling_process.md",feature/gang_scheduling_overview.md|process/podgroup_scheduling_process.md|procedure/gang_scheduling.md|policy/podgroup_scheduling_cycle.md|procedure/scheduling_gates.md|concept/scheduling.md|definition/kubernetes_cluster_architecture.md|definition/podgroup.md|policy/kubernetes_scheduling_overview.md,9,5,4,expanded,1014,0.0134,63.9006,0,0,0.3225806451612903,1.0,1.0,supported,0,supported,
okf,full,alias,Q078,"Which scheduler extension point checks whether the minimum number of Pods has been successfully placed for gang scheduling, and which scheduling policy depends on this check?","The Permit extension point performs the check, and Gang Scheduling depends on it.",multi,scheduling-eviction__gang-scheduling.md;scheduling-eviction__podgroup-scheduling.md,"The scheduler finds valid placements for at least the `[minCount](/metric/mincount.md)` number of Pods before allowing them to be bound to their assigned [nodes](/definition/kubernetes_cluster_architecture.md). This is done as part of gang scheduling, which uses the `gang policy` that depends on this check.

SOURCES: /metric/mincount_metric.md, /procedure/gang_scheduling.md, /policy_type/gang_policy.md",metric/mincount_metric.md|procedure/gang_scheduling.md|limitation/immutable_minimum_pod_count_for_gang_scheduling.md|feature/gang_scheduling_overview.md|definition/gang_scheduling_policy.md|metric/mincount.md|definition/podgroup.md|definition/kubernetes_cluster_architecture.md|policy_type/gang_policy.md,9,5,4,expanded,806,0.0135,54.3772,0,0,0.2040816326530612,1.0,1.0,supported,0,unsupported,
okf,full,alias,Q079,"How does Kubernetes avoid partial placement of tightly coupled workloads, and which scheduling approach provides this capability?",The scheduler evaluates the PodGroup as a single unit and only binds Pods when the group's scheduling criteria are satisfied.,multi,scheduling-eviction__podgroup-scheduling.md;scheduling-eviction__gang-scheduling.md,"Topology-Aware Scheduling (TAS) is a feature that optimizes the placement of pods within the cluster. It ensures that all pods within a PodGroup are co-located into a specific topology domain, such as a single server rack or zone.

SOURCES: [concept: /policy/topology_aware_scheduling.md], [concept: /definition/kubernetes_cluster_architecture.md]",procedure/scheduling_with_workload_aware_preemption.md|policy/kubernetes_scheduling_overview.md|policy/topology_aware_scheduling.md|concept/workload_placement.md|definition/kubernetes_architecture_deployment_variations.md|policy/garbage_collection_in_kubernetes.md|definition/kubernetes_cluster_architecture.md|definition/kubernetes_node_components_overview.md|entity/node.md,9,5,4,expanded,1594,0.0128,92.6449,0,0,0.25,0.0,1.0,supported,0,supported,
okf,full,alias,Q080,"If additional Pods are added to an already scheduled PodGroup, how does the scheduler evaluate them and what scheduling cycle is used?",The scheduler evaluates the new Pods while accounting for the already scheduled ones using the PodGroup scheduling cycle.,multi,scheduling-eviction__podgroup-scheduling.md;scheduling-eviction__gang-scheduling.md,"The scheduler evaluates the additional Pods collectively as part of the same PodGroup. The **PodGroup scheduling cycle** is used instead of processing individual Pods.

SOURCES: [concept: /process/podgroup_scheduling_process.md], [concept: /policy/podgroup_scheduling_cycle.md]",policy/podgroup_scheduling_cycle.md|process/podgroup_scheduling_process.md|procedure/disrupting_a_pod_group.md|procedure/scheduling_gates.md|procedure/disrupting_a_pod_in_pod_mode.md|definition/podgroup.md|definition/disruption_mode.md|definition/kubernetes_cluster_architecture.md|concept/scheduling.md,9,5,4,expanded,983,0.0137,62.5203,0,0,0.3529411764705882,1.0,1.0,supported,0,,
okf,full,alias,Q081,What is the maximum number of containers that a single Kubernetes Pod can contain?,UNANSWERABLE,unanswerable,,"There is no limit to the number of pods in a podgroup, but it's not explicitly stated if this applies directly to containers within a pod. However, based on the context, it seems that there is no explicit limit mentioned for the number of containers in a pod either.

SOURCES: /metric/maximum_number_of_pods_in_a_podgroup.md, /procedure/container_request_calculation.md",metric/maximum_number_of_pods_in_a_podgroup.md|procedure/setting_container_limits.md|procedure/resource_quota_calculation.md|procedure/container_request_calculation.md|entity/pods_in_kubernetes.md|policy/garbage_collection_in_kubernetes.md|policy/kubernetes_scheduling_overview.md|entity/node.md|definition/kubernetes_cluster_architecture.md,9,5,4,expanded,912,0.0128,58.8794,0,0,0.0,,1.0,supported,0,abstained,
okf,full,alias,Q082,Which Kubernetes version first introduced the Deployment resource?,UNANSWERABLE,unanswerable,,"INSUFFICIENT CONTEXT
SOURCES: [concept: /entity/deployment.md], [concept: /definition/kubernetes_cluster_architecture.md]",procedure/deploying_applications_with_kubernetes.md|definition/kubernetes_architecture_deployment_variations.md|entity/kubernetes_service.md|versioncompatibility/version_compatibility_of_kubectl.md|prerequisite/kubernetes_version_prerequisite.md|policy/garbage_collection_in_kubernetes.md|tool/kubectl_command_line_tool.md|entity/deployment.md|definition/kubernetes_cluster_architecture.md,9,5,4,expanded,1265,0.0132,64.5571,1,0,0.0,,1.0,abstained,0,abstained,
okf,full,alias,Q083,What is the default timeout value for the kube-apiserver when processing requests?,UNANSWERABLE,unanswerable,,INSUFFICIENT CONTEXT,procedure/filtering_step_in_kube_scheduler.md|metric/kubepodoverhead_metrics.md|policy/kubernetes_scheduling_overview.md|entity/api_group.md|procedure/enabling_workload_aware_preemption.md|policy/garbage_collection_in_kubernetes.md|definition/kubernetes_cluster_architecture.md|definition/kubernetes_node_components_overview.md|entity/node.md,9,5,4,expanded,1108,0.0133,59.9774,1,0,0.0,,,abstained,0,,
okf,full,alias,Q084,Which consensus algorithm does etcd internally use to elect a leader?,UNANSWERABLE,unanswerable,,INSUFFICIENT CONTEXT,procedure/resolving_priority_for_a_pod_group.md|policy/priority_classes.md|definition/uids_in_kubernetes.md|entity/priorityclass.md|procedure/scoring_step_in_kube_scheduler.md|policy/garbage_collection_in_kubernetes.md|definition/podgroup.md|policy/priority_admission_controller.md|definition/api_group_resource_type_namespace_and_name.md,9,5,4,expanded,724,0.0125,39.1999,1,0,0.0,,,abstained,0,abstained,
okf,full,alias,Q085,What is the maximum size allowed for a ConfigMap object?,UNANSWERABLE,unanswerable,,"INSUFFICIENT CONTEXT
SOURCES:",metric/maximum_endpoints_per_slice.md|metric/mincount.md|metric/maximum_addresses_per_subset.md|entity/topology_constraint.md|procedure/defining_topology_constraints.md|definition/podgroup.md|policy/garbage_collection_in_kubernetes.md|entity/node.md|entity/topology_domain.md,9,5,4,expanded,748,0.0125,41.0494,1,0,0.0,,,abstained,0,,
okf,full,alias,Q086,Which Linux kernel version is required to enable all Kubernetes networking features?,UNANSWERABLE,unanswerable,,"INSUFFICIENT CONTEXT

SOURCES: /prerequisite/kubernetes_version_prerequisite.md, /classification/kubernetes_cluster_networking_types.md, /component/kubernetes_network_plugins.md",prerequisite/kubernetes_version_prerequisite.md|versioncompatibility/version_compatibility_of_kubectl.md|policy/kubernetes_cluster_networking_requirements.md|overview/kubernetes_networking_problems.md|classification/kubernetes_cluster_networking_types.md|policy/garbage_collection_in_kubernetes.md|component/kubernetes_network_plugins.md|resource/cluster_networking.md|plugin/gangscheduling_plugin.md,9,5,4,expanded,1243,0.0126,65.9157,1,0,0.0,,1.0,abstained,0,abstained,
okf,full,alias,Q087,What is the default CPU utilization threshold used by the Horizontal Pod Autoscaler?,UNANSWERABLE,unanswerable,,"INSUFFICIENT CONTEXT
SOURCES:",procedure/configure_pod_overhead.md|procedure/setting_cpu_shares.md|procedure/default_pod_preemption.md|definition/pod_overhead_field.md|procedure/resource_quota_calculation.md|entity/runtimeclass.md|concept/scheduling.md|procedure/preemption.md|procedure/selecting_victims_for_preemption.md,9,5,4,expanded,614,0.0121,34.7394,1,0,0.0,,,unsupported,1,,
okf,full,alias,Q088,How many Pods can be scheduled on a node by default before Kubernetes refuses additional Pods?,UNANSWERABLE,unanswerable,,"INSUFFICIENT CONTEXT
SOURCES:",policy/kubernetes_scheduling_overview.md|procedure/scheduling_with_workload_aware_preemption.md|procedure/filtering_step_in_kube_scheduler.md|policy/podgroup_scheduling_cycle.md|procedure/binding_in_kube_scheduler.md|policy/api_server_behavior_in_kubernetes.md|decision/scheduling_decision.md|concept/pod_definition.md|policy/garbage_collection_in_kubernetes.md,9,5,4,expanded,943,0.0166,3.3532,1,0,0.0,,,abstained,0,,
okf,full,alias,Q089,Which encryption algorithm is used by default for Secret objects stored in etcd?,UNANSWERABLE,unanswerable,,"INSUFFICIENT CONTEXT
SOURCES:",definition/uids_in_kubernetes.md|procedure/managing_secrets_in_kubernetes.md|metric/priority_zero.md|policy/kubernetes_api_server_tls_configuration.md|procedure/default_pod_preemption.md|policy/garbage_collection_in_kubernetes.md|concept/scheduling.md|procedure/preemption.md|procedure/selecting_victims_for_preemption.md,9,5,4,expanded,766,0.0126,42.4467,1,0,0.0,,,unsupported,1,abstained,
okf,full,alias,Q090,What is the default expiration period for ServiceAccount tokens?,UNANSWERABLE,unanswerable,,"INSUFFICIENT CONTEXT
SOURCES:",procedure/relaxed_service_name_validation.md|policy/api_server_behavior_in_kubernetes.md|metric/ttl_seconds.md|policy/service_controller_api_permissions.md|policy/kubernetes_authorization_policy.md|entity/job.md|entity/kubernetes_service.md|component/cloud_controller_manager.md|procedure/deleting_resources_in_kubernetes.md,9,5,4,expanded,1117,0.0119,55.3748,1,0,0.0,,,abstained,0,abstained,
okf,full,alias,Q091,Which cloud provider was the first officially supported by Kubernetes?,UNANSWERABLE,unanswerable,,INSUFFICIENT CONTEXT,entity/kubernetes_service.md|prerequisite/kubernetes_version_prerequisite.md|entity/cloud_controller_manager.md|philosophy/kubernetes_state_management.md|entity/kubernetes_api.md|policy/garbage_collection_in_kubernetes.md|component/cloud_controller_manager.md|plugin/gangscheduling_plugin.md|definition/kubernetes_cluster_architecture.md,9,5,4,expanded,1342,0.0127,66.1876,1,0,0.0,,,abstained,0,abstained,
okf,full,alias,Q092,What is the default memory limit assigned to every Pod created in Kubernetes?,UNANSWERABLE,unanswerable,,"INSUFFICIENT CONTEXT
SOURCES:",procedure/setting_container_limits.md|procedure/resource_quota_calculation.md|procedure/default_pod_preemption.md|metric/maximum_number_of_pods_in_a_podgroup.md|policy/pod_overhead_accounting.md|concept/scheduling.md|procedure/preemption.md|procedure/selecting_victims_for_preemption.md|definition/podgroup.md,9,5,4,expanded,656,0.0124,37.1652,1,0,0.0,,,abstained,0,,
okf,full,alias,Q093,Which built-in scheduler plugin consumes the most CPU time during scheduling?,UNANSWERABLE,unanswerable,,"INSUFFICIENT CONTEXT
SOURCES:",policy/scheduling_profiles_in_kube_scheduler.md|entity/kubeschedulerconfiguration.md|decision/scheduling_decision.md|concept/scheduling.md|procedure/customizing_plugin_weights.md|definition/kubernetes_cluster_architecture.md|metric/mincount.md|plugin/gangscheduling_plugin.md|policy/kubernetes_scheduling_overview.md,9,5,4,expanded,902,0.0119,46.9033,1,0,0.0,,,unsupported,1,,
okf,full,alias,Q094,What is the maximum number of worker nodes supported in a Kubernetes cluster?,UNANSWERABLE,unanswerable,,"INSUFFICIENT CONTEXT
SOURCES: /entity/worker_node.md, /definition/kubernetes_cluster_architecture.md",entity/worker_node.md|guide/managing_kubernetes_clusters.md|definition/kubernetes_cluster_architecture.md|metric/cluster_performance_metrics_in_kubernetes.md|policy/kubernetes_cluster_networking_requirements.md|entity/node.md|resource/cluster_resources.md|policy/garbage_collection_in_kubernetes.md|component/kubernetes_network_plugins.md,9,5,4,expanded,1015,0.0125,52.1478,1,0,0.0,,1.0,abstained,0,abstained,
okf,full,alias,Q095,Which compression algorithm is used by kubelet when transferring container logs?,UNANSWERABLE,unanswerable,,INSUFFICIENT CONTEXT,procedure/kubelet_container_and_image_gc.md|configuration/kubelet_container_gc_parameters.md|guide/kubernetes_logging_and_monitoring.md|entity/container_runtime.md|rule/kubelet_image_gc_disk_usage_thresholds.md|definition/kubernetes_node_components_overview.md|concept/garbage_collection.md|policy/finalizer_purpose.md|definition/api_group_resource_type_namespace_and_name.md,9,5,4,expanded,1380,0.0126,71.2413,1,0,0.0,,,abstained,0,,
okf,full,alias,Q096,Which Kubernetes component exposes the Kubernetes HTTP API?,The kube-apiserver exposes the Kubernetes HTTP API.,single,overview__components.md,"The API server is responsible for exposing the Kubernetes HTTP API. 

SOURCES: [/policy/api_server_behavior_in_kubernetes.md, /entity/kubernetes_api.md]",entity/kubernetes_api.md|entity/kubernetes_service.md|entity/workload_api.md|policy/kubernetes_authorization_policy.md|policy/kubernetes_api_access_control.md|policy/garbage_collection_in_kubernetes.md|procedure/access_control.md|template/podgrouptemplates.md|policy/workload_aware_preemption_policy.md,9,5,4,expanded,840,0.0124,46.6943,0,0,0.4285714285714285,0.0,0.5,supported,0,supported,
okf,full,alias,Q097,Which component is responsible for assigning Pods to feasible nodes after filtering and scoring?,The kube-scheduler assigns Pods to the highest-scoring feasible node.,single,scheduling-eviction__kube-scheduler.md,"The scheduler runs the PodGroup scheduling algorithm to find valid Node placements for the Pods in the group. 

SOURCES: [concept: /procedure/finding_feasible_placements.md], [concept: /procedure/filtering_step_in_kube_scheduler.md]",procedure/finding_feasible_placements.md|procedure/filtering_step_in_kube_scheduler.md|procedure/understanding_how_pods_reference_their_podgroup.md|metric/pod_count.md|procedure/specify_node_selectors_for_a_pod.md|policy/node_selectors.md|entity/node.md|definition/owner_references_vs_labels_and_selectors.md|entity/podgrouppodscount_plugin.md,9,5,4,expanded,827,0.0125,51.3105,0,0,0.2857142857142857,1.0,1.0,supported,0,supported,
okf,full,alias,Q098,How do owner references and garbage collection work together when an owner object is deleted?,"Owner references identify dependent resources, allowing the garbage collector to remove them when the owner is deleted.",multi,overview__working-with-objects__owners-dependents.md;architecture__garbage-collection.md,"When an owner object is deleted, the Kubernetes API server immediately deletes it in background cascading deletion. Subsequently, the garbage collector controller cleans up the dependent objects in the background. If a finalizer exists, it ensures that objects are not deleted until all necessary clean-up tasks are completed.

SOURCES: [concept: /procedure/background_cascading_deletion_process.md], [concept: /policy/garbage_collection_in_kubernetes.md]",definition/kubernetes_owner_references.md|policy/owner_references_in_object_specifications.md|concept/owner_references_and_labels.md|policy/garbage_collection_in_kubernetes.md|procedure/background_cascading_deletion_process.md|procedure/deleting_resources_in_kubernetes.md|resource/cluster_resources.md|policy/api_server_behavior_in_kubernetes.md|pattern/kubernetes_controller_pattern.md,9,5,4,expanded,1383,0.0131,79.6939,0,0,0.2456140350877193,1.0,1.0,supported,0,,
okf,full,alias,Q099,Which two mechanisms together ensure that a resource is not deleted until all cleanup has completed?,Finalizers delay deletion while garbage collection performs cleanup after dependencies have been handled.,multi,overview__working-with-objects__finalizers.md;architecture__garbage-collection.md,"The presence of a finalizer and the background cascading deletion process ensure that a resource is not deleted until all necessary clean-up tasks are completed.

SOURCES: [concept: /procedure/background_cascading_deletion_process.md], [concept: /procedure/using_finalizers_in_kubernetes.md]",process/how_finalizers_work.md|procedure/deleting_resources_in_kubernetes.md|policy/api_server_behavior_in_kubernetes.md|concept/garbage_collection.md|procedure/background_cascading_deletion_process.md|definition/kubernetes_cascading_deletion.md|entity/kubernetes_api.md|pattern/kubernetes_controller_pattern.md|procedure/using_finalizers_in_kubernetes.md,9,5,4,expanded,1260,0.0129,70.8685,0,0,0.1176470588235294,1.0,1.0,supported,0,,
okf,full,alias,Q100,How does Kubernetes keep workloads available after a scheduled Pod fails on a node?,"Controllers create replacement Pods, the scheduler assigns them to suitable nodes, and the kubelet starts the containers.",multi,architecture__self-healing.md;scheduling-eviction__kube-scheduler.md,"Kubernetes can reattach the volume to a new Pod on a different node. This is described in the [Persistent Storage Recovery](/capability/persistent_storage_recovery.md) capability.

SOURCES: /capability/persistent_storage_recovery.md, /metric/terminating_status_in_persistentvolumes.md",policy/pod_failure_policy.md|entity/worker_node.md|procedure/scheduling_with_workload_aware_preemption.md|policy/workload_aware_preemption_policy.md|capability/persistent_storage_recovery.md|entity/node.md|metric/terminating_status_in_persistentvolumes.md|policy/garbage_collection_in_kubernetes.md|definition/kubernetes_cluster_architecture.md,9,5,4,expanded,1015,0.013,61.2198,0,0,0.0625,0.5,1.0,supported,0,,
